,Binomial.1.2,Order.1.2,Family.1.2,Genus.1.2,Species.1.2,Mass.g,Mass.Source,ForStrat.Arboreal,ForStrat.Ground,ForStrat.Source,Diet.Graminoids,Diet.Browse.Fruit,Diet.Meat,Diet.Source,Diet.Notes
1,Sus_celebensis,Cetartiodactyla,Suidae,Sus,celebensis,55000,HerbiTraits,0,1,HerbiTraits,1,3,2,HerbiTraits,
2,Sus_verrucosus,Cetartiodactyla,Suidae,Sus,verrucosus,92500,HerbiTraits,0,1,HerbiTraits,1,3,2,HerbiTraits,
3,Sus_scrofa,Cetartiodactyla,Suidae,Sus,scrofa,101052.1,HerbiTraits,0,1,HerbiTraits,1,3,2,HerbiTraits,
4,Porcula_salvania,Cetartiodactyla,Suidae,Porcula,salvania,7718,PHYLACINE,0,1,EltonTraits,0,3,2,"Melletti & Meijaard 2017 Ecology, Conservation and Management of Wild Pigs and Peccaries","Diet includes a wide variety of foods, including roots & tubers, fruits & seeds, tender shoots & leaves, invertebrates, and small vertebrates. It is unclear how important invertebrates/vertebrates are to the diet. We assign Meat as 2, the most common value for suids in HerbiTraits."
5,Sus_bucculentus,Cetartiodactyla,Suidae,Sus,bucculentus,101052.1,HerbiTraits,0,1,HerbiTraits,1,3,2,HerbiTraits,
6,Sus_barbatus,Cetartiodactyla,Suidae,Sus,barbatus,70500,HerbiTraits,0,1,HerbiTraits,1,3,2,HerbiTraits,
7,Sus_philippensis,Cetartiodactyla,Suidae,Sus,philippensis,44253.5,HerbiTraits,0,1,HerbiTraits,1,3,2,HerbiTraits,
8,Babyrousa_celebensis,Cetartiodactyla,Suidae,Babyrousa,celebensis,84327.5,HerbiTraits,0,1,HerbiTraits,0,3,2,HerbiTraits,
9,Phacochoerus_africanus,Cetartiodactyla,Suidae,Phacochoerus,africanus,82500,HerbiTraits,0,1,HerbiTraits,3,0,1,HerbiTraits,
10,Phacochoerus_aethiopicus,Cetartiodactyla,Suidae,Phacochoerus,aethiopicus,71000.3,HerbiTraits,0,1,HerbiTraits,3,0,1,HerbiTraits,
11,Hylochoerus_meinertzhageni,Cetartiodactyla,Suidae,Hylochoerus,meinertzhageni,188500,HerbiTraits,0,1,HerbiTraits,3,3,1,HerbiTraits,
12,Potamochoerus_larvatus,Cetartiodactyla,Suidae,Potamochoerus,larvatus,97500,HerbiTraits,0,1,HerbiTraits,0,3,2,HerbiTraits,
13,Potamochoerus_porcus,Cetartiodactyla,Suidae,Potamochoerus,porcus,70000.3,HerbiTraits,0,1,HerbiTraits,1,3,3,HerbiTraits,
14,Catagonus_wagneri,Cetartiodactyla,Tayassuidae,Catagonus,wagneri,35566.4,HerbiTraits,0,1,HerbiTraits,0,3,1,HerbiTraits,
15,Pecari_tajacu,Cetartiodactyla,Tayassuidae,Pecari,tajacu,21266.7,HerbiTraits,0,1,HerbiTraits,0,3,1,HerbiTraits,
16,Tayassu_pecari,Cetartiodactyla,Tayassuidae,Tayassu,pecari,32233.7,HerbiTraits,0,1,HerbiTraits,0,3,1,HerbiTraits,
17,Choeropsis_liberiensis,Cetartiodactyla,Hippopotamidae,Choeropsis,liberiensis,235001.2,HerbiTraits,0,1,HerbiTraits,1,3,0,HerbiTraits,
18,Hippopotamus_amphibius,Cetartiodactyla,Hippopotamidae,Hippopotamus,amphibius,1417490,HerbiTraits,0,1,HerbiTraits,3,0,0,HerbiTraits,
19,Camelus_ferus,Cetartiodactyla,Camelidae,Camelus,ferus,690000,HerbiTraits,0,1,HerbiTraits,1,3,0,HerbiTraits,
20,Camelus_dromedarius,Cetartiodactyla,Camelidae,Camelus,dromedarius,800000,PHYLACINE,0,1,EltonTraits,1,3,0,Imputed from genus using HerbiTraits,
21,Lama_guanicoe,Cetartiodactyla,Camelidae,Lama,guanicoe,120000,HerbiTraits,0,1,HerbiTraits,3,3,0,HerbiTraits,
22,Vicugna_vicugna,Cetartiodactyla,Camelidae,Vicugna,vicugna,47499.6,HerbiTraits,0,1,HerbiTraits,3,2,0,HerbiTraits,
23,Nesotragus_moschatus,Cetartiodactyla,Bovidae,Nesotragus,moschatus,6500,PHYLACINE,0,1,EltonTraits,0,3,0,Kingdon 2015 The Kingdon Field Guide to African Mammals; Gagnon & Chew 2000 Journal of Mammalogy,"Browsers and selective feeders. Gagnon & Chew report diet as 6% monocot, 94% dicot/fruit, so following HerbiTraits protocols we assign Graminoids as 0 and Browse/Fruit as 3."
24,Neotragus_pygmaeus,Cetartiodactyla,Bovidae,Neotragus,pygmaeus,4000,PHYLACINE,0,1,EltonTraits,0,3,0,Kingdon 2015 The Kingdon Field Guide to African Mammals; Gagnon & Chew 2000 Journal of Mammalogy,"Folivorous. Gagnon & Chew report diet as 5% monocot, 95% dicot/fruit, so following HerbiTraits protocols we assign Graminoids as 0 and Browse/Fruit as 3."
25,Neotragus_batesi,Cetartiodactyla,Bovidae,Neotragus,batesi,3000,PHYLACINE,0,1,EltonTraits,0,3,0,Kingdon 2015 The Kingdon Field Guide to African Mammals; Gagnon & Chew 2000 Journal of Mammalogy,"Folivorous. Gagnon & Chew report diet as 5% monocot, 95% dicot/fruit, so following HerbiTraits protocols we assign Graminoids as 0 and Browse/Fruit as 3."
26,Oreotragus_oreotragus,Cetartiodactyla,Bovidae,Oreotragus,oreotragus,12999.9,HerbiTraits,0,1,HerbiTraits,0,3,0,HerbiTraits,
27,Ammodorcas_clarkei,Cetartiodactyla,Bovidae,Ammodorcas,clarkei,28049.8,HerbiTraits,0,1,HerbiTraits,0,3,0,HerbiTraits,
28,Antidorcas_marsupialis,Cetartiodactyla,Bovidae,Antidorcas,marsupialis,31500,HerbiTraits,0,1,HerbiTraits,1,3,0,HerbiTraits,
29,Antilope_cervicapra,Cetartiodactyla,Bovidae,Antilope,cervicapra,37500,HerbiTraits,0,1,HerbiTraits,3,1,0,HerbiTraits,
30,Dorcatragus_megalotis,Cetartiodactyla,Bovidae,Dorcatragus,megalotis,10249.9,HerbiTraits,0,1,HerbiTraits,0,3,0,HerbiTraits,
31,Eudorcas_rufina,Cetartiodactyla,Bovidae,Eudorcas,rufina,40000,PHYLACINE,0,1,EltonTraits,3,2,0,Imputed from genus using HerbiTraits,
32,Eudorcas_thomsonii,Cetartiodactyla,Bovidae,Eudorcas,thomsonii,20499.8,HerbiTraits,0,1,HerbiTraits,3,2,0,HerbiTraits,
33,Eudorcas_rufifrons,Cetartiodactyla,Bovidae,Eudorcas,rufifrons,26999.8,HerbiTraits,0,1,HerbiTraits,3,3,0,HerbiTraits,
34,Gazella_subgutturosa,Cetartiodactyla,Bovidae,Gazella,subgutturosa,28500,HerbiTraits,0,1,HerbiTraits,2,3,0,HerbiTraits,
35,Gazella_spekei,Cetartiodactyla,Bovidae,Gazella,spekei,20000,HerbiTraits,0,1,HerbiTraits,2,3,0,HerbiTraits,
36,Gazella_gazella,Cetartiodactyla,Bovidae,Gazella,gazella,22749.9,HerbiTraits,0,1,HerbiTraits,3,3,0,HerbiTraits,
37,Gazella_dorcas,Cetartiodactyla,Bovidae,Gazella,dorcas,23000.1,HerbiTraits,0,1,HerbiTraits,2,3,0,HerbiTraits,
38,Gazella_cuvieri,Cetartiodactyla,Bovidae,Gazella,cuvieri,25000,HerbiTraits,0,1,HerbiTraits,3,3,0,HerbiTraits,
39,Gazella_saudiya,Cetartiodactyla,Bovidae,Gazella,saudiya,16000,HerbiTraits,0,1,HerbiTraits,0,3,0,HerbiTraits,
40,Gazella_leptoceros,Cetartiodactyla,Bovidae,Gazella,leptoceros,22200,HerbiTraits,0,1,HerbiTraits,3,3,0,HerbiTraits,
41,Gazella_bennettii,Cetartiodactyla,Bovidae,Gazella,bennettii,18916.7,HerbiTraits,0,1,HerbiTraits,0,3,0,HerbiTraits,
42,Litocranius_walleri,Cetartiodactyla,Bovidae,Litocranius,walleri,37999.7,HerbiTraits,0,1,HerbiTraits,0,3,0,HerbiTraits,
43,Madoqua_kirkii,Cetartiodactyla,Bovidae,Madoqua,kirkii,5300.1,PHYLACINE,0,1,EltonTraits,1,3,0,Kingdon 2015 The Kingdon Field Guide to African Mammals; Gagnon & Chew 2000 Journal of Mammalogy,"Selective browsers, rarely eating grass. Gagnon & Chew report diet as 17% monocot, 83% dicot/fruit, so following HerbiTraits protocols we assign Graminoids as 1 and Browse/Fruit as 3."
44,Madoqua_saltiana,Cetartiodactyla,Bovidae,Madoqua,saltiana,3250,PHYLACINE,0,1,EltonTraits,0,3,0,Kingdon 2015 The Kingdon Field Guide to African Mammals; Gagnon & Chew 2000 Journal of Mammalogy,"Selective browsers. Gagnon & Chew report diet as 10% monocot, 90% dicot/fruit, so following HerbiTraits protocols we assign Graminoids as 0 and Browse/Fruit as 3."
45,Madoqua_piacentinii,Cetartiodactyla,Bovidae,Madoqua,piacentinii,2500,PHYLACINE,0,1,EltonTraits,0,3,0,Kingdon 2015 The Kingdon Field Guide to African Mammals; Gagnon & Chew 2000 Journal of Mammalogy,"Generally browsers. Gagnon & Chew report diet as 10% monocot, 90% dicot/fruit, so following HerbiTraits protocols we assign Graminoids as 0 and Browse/Fruit as 3."
46,Madoqua_guentheri,Cetartiodactyla,Bovidae,Madoqua,guentheri,7500,PHYLACINE,0,1,EltonTraits,0,3,0,Kingdon 2015 The Kingdon Field Guide to African Mammals; Gagnon & Chew 2000 Journal of Mammalogy,"Concentrate selectors, particularly of foliage. Gagnon & Chew report diet as 10% monocot, 90% dicot/fruit, so following HerbiTraits protocols we assign Graminoids as 0 and Browse/Fruit as 3."
47,Nanger_granti,Cetartiodactyla,Bovidae,Nanger,granti,54999.7,HerbiTraits,0,1,HerbiTraits,2,3,0,HerbiTraits,
48,Nanger_soemmerringii,Cetartiodactyla,Bovidae,Nanger,soemmerringii,40000,HerbiTraits,0,1,HerbiTraits,3,3,0,HerbiTraits,
49,Nanger_dama,Cetartiodactyla,Bovidae,Nanger,dama,72999.5,HerbiTraits,0,1,HerbiTraits,2,3,0,HerbiTraits,
50,Ourebia_ourebi,Cetartiodactyla,Bovidae,Ourebia,ourebi,17250,HerbiTraits,0,1,HerbiTraits,3,2,0,HerbiTraits,
51,Procapra_gutturosa,Cetartiodactyla,Bovidae,Procapra,gutturosa,27750,HerbiTraits,0,1,HerbiTraits,2,3,0,HerbiTraits,
52,Procapra_przewalskii,Cetartiodactyla,Bovidae,Procapra,przewalskii,27500,HerbiTraits,0,1,HerbiTraits,3,2,0,HerbiTraits,
53,Procapra_picticaudata,Cetartiodactyla,Bovidae,Procapra,picticaudata,20000,HerbiTraits,0,1,HerbiTraits,1,3,0,HerbiTraits,
54,Raphicerus_melanotis,Cetartiodactyla,Bovidae,Raphicerus,melanotis,10249.9,HerbiTraits,0,1,HerbiTraits,2,3,0,HerbiTraits,
55,Raphicerus_sharpei,Cetartiodactyla,Bovidae,Raphicerus,sharpei,9499.9,PHYLACINE,0,1,EltonTraits,2,3,0,Imputed from genus using HerbiTraits,
56,Raphicerus_campestris,Cetartiodactyla,Bovidae,Raphicerus,campestris,10500,HerbiTraits,0,1,HerbiTraits,2,3,0,HerbiTraits,
57,Saiga_tatarica,Cetartiodactyla,Bovidae,Saiga,tatarica,29000,HerbiTraits,0,1,HerbiTraits,2,3,0,HerbiTraits,
58,Tragelaphus_oryx,Cetartiodactyla,Bovidae,Tragelaphus,oryx,569993.6,HerbiTraits,0,1,HerbiTraits,3,3,0,HerbiTraits,
59,Tragelaphus_derbianus,Cetartiodactyla,Bovidae,Tragelaphus,derbianus,680000,HerbiTraits,0,1,HerbiTraits,0,3,0,HerbiTraits,
60,Tetracerus_quadricornis,Cetartiodactyla,Bovidae,Tetracerus,quadricornis,19000,HerbiTraits,0,1,HerbiTraits,3,2,0,HerbiTraits,
61,Tragelaphus_eurycerus,Cetartiodactyla,Bovidae,Tragelaphus,eurycerus,329003.1,HerbiTraits,0,1,HerbiTraits,3,3,0,HerbiTraits,
62,Tragelaphus_scriptus,Cetartiodactyla,Bovidae,Tragelaphus,scriptus,43250.4,HerbiTraits,0,1,HerbiTraits,1,3,0,HerbiTraits,
63,Tragelaphus_strepsiceros,Cetartiodactyla,Bovidae,Tragelaphus,strepsiceros,213501,HerbiTraits,0,1,HerbiTraits,1,3,0,HerbiTraits,
64,Tragelaphus_angasii,Cetartiodactyla,Bovidae,Tragelaphus,angasii,86600.4,HerbiTraits,0,1,HerbiTraits,2,3,0,HerbiTraits,
65,Tragelaphus_imberbis,Cetartiodactyla,Bovidae,Tragelaphus,imberbis,81575.5,HerbiTraits,0,1,HerbiTraits,2,3,0,HerbiTraits,
66,Tragelaphus_buxtoni,Cetartiodactyla,Bovidae,Tragelaphus,buxtoni,215000.8,HerbiTraits,0,1,HerbiTraits,2,3,0,HerbiTraits,
67,Tragelaphus_spekii,Cetartiodactyla,Bovidae,Tragelaphus,spekii,77999.2,HerbiTraits,0,1,HerbiTraits,1,3,0,HerbiTraits,
68,Bison_bonasus,Cetartiodactyla,Bovidae,Bison,bonasus,500000,HerbiTraits,0,1,HerbiTraits,3,3,0,HerbiTraits,
69,Bison_bison,Cetartiodactyla,Bovidae,Bison,bison,579255.3,HerbiTraits,0,1,HerbiTraits,3,3,0,HerbiTraits,
70,Bos_gaurus,Cetartiodactyla,Bovidae,Bos,gaurus,825000,HerbiTraits,0,1,HerbiTraits,3,2,0,HerbiTraits,
71,Bos_mutus,Cetartiodactyla,Bovidae,Bos,mutus,546250,HerbiTraits,0,1,HerbiTraits,3,1,0,HerbiTraits,
72,Bos_primigenius,Cetartiodactyla,Bovidae,Bos,primigenius,900000,HerbiTraits,0,1,HerbiTraits,3,2,0,HerbiTraits,
73,Bos_sauveli,Cetartiodactyla,Bovidae,Bos,sauveli,800000,HerbiTraits,0,1,HerbiTraits,3,2,0,HerbiTraits,
74,Bos_javanicus,Cetartiodactyla,Bovidae,Bos,javanicus,700000,HerbiTraits,0,1,HerbiTraits,3,2,0,HerbiTraits,
75,Boselaphus_tragocamelus,Cetartiodactyla,Bovidae,Boselaphus,tragocamelus,169000,HerbiTraits,0,1,HerbiTraits,3,2,0,HerbiTraits,
76,Bubalus_arnee,Cetartiodactyla,Bovidae,Bubalus,arnee,725000,HerbiTraits,0,1,HerbiTraits,3,2,0,HerbiTraits,
77,Bubalus_quarlesi,Cetartiodactyla,Bovidae,Bubalus,quarlesi,76000,HerbiTraits,0,1,HerbiTraits,3,3,0,HerbiTraits,
78,Bubalus_depressicornis,Cetartiodactyla,Bovidae,Bubalus,depressicornis,88000,HerbiTraits,0,1,HerbiTraits,0,3,0,HerbiTraits,
79,Pseudoryx_nghetinhensis,Cetartiodactyla,Bovidae,Pseudoryx,nghetinhensis,85000,HerbiTraits,0,1,HerbiTraits,1,3,0,HerbiTraits,
80,Syncerus_caffer,Cetartiodactyla,Bovidae,Syncerus,caffer,580002.7,HerbiTraits,0,1,HerbiTraits,3,2,0,HerbiTraits,
81,Kobus_kob,Cetartiodactyla,Bovidae,Kobus,kob,78500.1,HerbiTraits,0,1,HerbiTraits,3,0,0,HerbiTraits,
82,Kobus_leche,Cetartiodactyla,Bovidae,Kobus,leche,110749,HerbiTraits,0,1,HerbiTraits,3,1,0,HerbiTraits,
83,Kobus_megaceros,Cetartiodactyla,Bovidae,Kobus,megaceros,87500.4,HerbiTraits,0,1,HerbiTraits,3,0,0,HerbiTraits,
84,Kobus_vardonii,Cetartiodactyla,Bovidae,Kobus,vardonii,71500.7,HerbiTraits,0,1,HerbiTraits,3,1,0,HerbiTraits,
85,Kobus_ellipsiprymnus,Cetartiodactyla,Bovidae,Kobus,ellipsiprymnus,210000.3,HerbiTraits,0,1,HerbiTraits,3,1,0,HerbiTraits,
86,Pelea_capreolus,Cetartiodactyla,Bovidae,Pelea,capreolus,20000,HerbiTraits,0,1,HerbiTraits,0,3,0,HerbiTraits,
87,Redunca_arundinum,Cetartiodactyla,Bovidae,Redunca,arundinum,58000.3,HerbiTraits,0,1,HerbiTraits,3,2,0,HerbiTraits,
88,Redunca_fulvorufula,Cetartiodactyla,Bovidae,Redunca,fulvorufula,29499.9,HerbiTraits,0,1,HerbiTraits,3,1,0,HerbiTraits,
89,Redunca_redunca,Cetartiodactyla,Bovidae,Redunca,redunca,44050.4,HerbiTraits,0,1,HerbiTraits,3,2,0,HerbiTraits,
90,Aepyceros_melampus,Cetartiodactyla,Bovidae,Aepyceros,melampus,52500.1,HerbiTraits,0,1,HerbiTraits,3,3,0,HerbiTraits,
91,Alcelaphus_buselaphus,Cetartiodactyla,Bovidae,Alcelaphus,buselaphus,171001.5,HerbiTraits,0,1,HerbiTraits,3,1,0,HerbiTraits,
92,Beatragus_hunteri,Cetartiodactyla,Bovidae,Beatragus,hunteri,80000,HerbiTraits,0,1,HerbiTraits,3,1,0,HerbiTraits,
93,Connochaetes_taurinus,Cetartiodactyla,Bovidae,Connochaetes,taurinus,179999,HerbiTraits,0,1,HerbiTraits,3,1,0,HerbiTraits,
94,Connochaetes_gnou,Cetartiodactyla,Bovidae,Connochaetes,gnou,179999,HerbiTraits,0,1,HerbiTraits,3,0,0,HerbiTraits,
95,Damaliscus_pygargus,Cetartiodactyla,Bovidae,Damaliscus,pygargus,102000,HerbiTraits,0,1,HerbiTraits,3,2,0,HerbiTraits,
96,Damaliscus_lunatus,Cetartiodactyla,Bovidae,Damaliscus,lunatus,136000.3,HerbiTraits,0,1,HerbiTraits,3,0,0,HerbiTraits,
97,Ammotragus_lervia,Cetartiodactyla,Bovidae,Ammotragus,lervia,48000,HerbiTraits,0,1,HerbiTraits,3,3,0,HerbiTraits,
98,Budorcas_taxicolor,Cetartiodactyla,Bovidae,Budorcas,taxicolor,302000,HerbiTraits,0,1,HerbiTraits,0,3,0,HerbiTraits,
99,Capra_aegagrus,Cetartiodactyla,Bovidae,Capra,aegagrus,33500,HerbiTraits,0,1,HerbiTraits,3,2,0,HerbiTraits,
100,Capra_falconeri,Cetartiodactyla,Bovidae,Capra,falconeri,41000,HerbiTraits,0,1,HerbiTraits,2,3,0,HerbiTraits,
101,Capra_ibex,Cetartiodactyla,Bovidae,Capra,ibex,85166.5,HerbiTraits,0,1,HerbiTraits,3,2,0,HerbiTraits,
102,Capra_caucasica,Cetartiodactyla,Bovidae,Capra,caucasica,55000,HerbiTraits,0,1,HerbiTraits,3,1,0,HerbiTraits,
103,Capra_nubiana,Cetartiodactyla,Bovidae,Capra,nubiana,62624.8,HerbiTraits,0,1,HerbiTraits,2,3,0,HerbiTraits,
104,Capra_pyrenaica,Cetartiodactyla,Bovidae,Capra,pyrenaica,50000,HerbiTraits,0,1,HerbiTraits,3,3,0,HerbiTraits,
105,Capra_sibirica,Cetartiodactyla,Bovidae,Capra,sibirica,130000,HerbiTraits,0,1,HerbiTraits,3,3,0,HerbiTraits,
106,Capra_walie,Cetartiodactyla,Bovidae,Capra,walie,100000,HerbiTraits,0,1,HerbiTraits,1,3,0,HerbiTraits,
107,Capricornis_swinhoei,Cetartiodactyla,Bovidae,Capricornis,swinhoei,21000,HerbiTraits,0,1,HerbiTraits,1,3,0,HerbiTraits,
108,Capricornis_milneedwardsii,Cetartiodactyla,Bovidae,Capricornis,milneedwardsii,130000,HerbiTraits,0,1,HerbiTraits,0,3,0,HerbiTraits,
109,Capricornis_sumatraensis,Cetartiodactyla,Bovidae,Capricornis,sumatraensis,87500,HerbiTraits,0,1,HerbiTraits,0,3,0,HerbiTraits,
110,Capricornis_rubidus,Cetartiodactyla,Bovidae,Capricornis,rubidus,87500,HerbiTraits,0,1,HerbiTraits,1,3,0,HerbiTraits,
111,Capricornis_crispus,Cetartiodactyla,Bovidae,Capricornis,crispus,37160,HerbiTraits,0,1,HerbiTraits,2,3,0,HerbiTraits,
112,Capricornis_thar,Cetartiodactyla,Bovidae,Capricornis,thar,112500,HerbiTraits,0,1,HerbiTraits,0,3,0,HerbiTraits,
113,Arabitragus_jayakari,Cetartiodactyla,Bovidae,Arabitragus,jayakari,23000,HerbiTraits,0,1,HerbiTraits,0,3,0,HerbiTraits,
114,Nilgiritragus_hylocrius,Cetartiodactyla,Bovidae,Nilgiritragus,hylocrius,75000,HerbiTraits,0,1,HerbiTraits,3,2,0,HerbiTraits,
115,Hemitragus_jemlahicus,Cetartiodactyla,Bovidae,Hemitragus,jemlahicus,35200,HerbiTraits,0,1,HerbiTraits,3,2,0,HerbiTraits,
116,Naemorhedus_caudatus,Cetartiodactyla,Bovidae,Naemorhedus,caudatus,27000,HerbiTraits,0,1,HerbiTraits,3,2,0,HerbiTraits,
117,Naemorhedus_goral,Cetartiodactyla,Bovidae,Naemorhedus,goral,28500,HerbiTraits,0,1,HerbiTraits,3,3,0,HerbiTraits,
118,Naemorhedus_griseus,Cetartiodactyla,Bovidae,Naemorhedus,griseus,25000,HerbiTraits,0,1,HerbiTraits,3,2,0,HerbiTraits,
119,Naemorhedus_baileyi,Cetartiodactyla,Bovidae,Naemorhedus,baileyi,27487.5,HerbiTraits,0,1,HerbiTraits,3,3,0,HerbiTraits,
120,Oreamnos_americanus,Cetartiodactyla,Bovidae,Oreamnos,americanus,72500.3,HerbiTraits,0,1,HerbiTraits,3,3,0,HerbiTraits,
121,Ovibos_moschatus,Cetartiodactyla,Bovidae,Ovibos,moschatus,340501.1,HerbiTraits,0,1,HerbiTraits,2,3,0,HerbiTraits,
122,Ovis_canadensis,Cetartiodactyla,Bovidae,Ovis,canadensis,74644.9,HerbiTraits,0,1,HerbiTraits,3,3,0,HerbiTraits,
123,Ovis_nivicola,Cetartiodactyla,Bovidae,Ovis,nivicola,90000,HerbiTraits,0,1,HerbiTraits,3,2,0,HerbiTraits,
124,Ovis_dalli,Cetartiodactyla,Bovidae,Ovis,dalli,55650.6,HerbiTraits,0,1,HerbiTraits,3,1,0,HerbiTraits,
125,Ovis_orientalis,Cetartiodactyla,Bovidae,Ovis,orientalis,60000,HerbiTraits,0,1,HerbiTraits,3,2,0,HerbiTraits,
126,Ovis_ammon,Cetartiodactyla,Bovidae,Ovis,ammon,180000,HerbiTraits,0,1,HerbiTraits,3,3,0,HerbiTraits,
127,Pantholops_hodgsonii,Cetartiodactyla,Bovidae,Pantholops,hodgsonii,27500,HerbiTraits,0,1,HerbiTraits,3,3,0,HerbiTraits,
128,Pseudois_nayaur,Cetartiodactyla,Bovidae,Pseudois,nayaur,45000,HerbiTraits,0,1,HerbiTraits,3,3,0,HerbiTraits,
129,Rupicapra_pyrenaica,Cetartiodactyla,Bovidae,Rupicapra,pyrenaica,30000,HerbiTraits,0,1,HerbiTraits,3,3,0,HerbiTraits,
130,Rupicapra_rupicapra,Cetartiodactyla,Bovidae,Rupicapra,rupicapra,26100,HerbiTraits,0,1,HerbiTraits,3,3,0,HerbiTraits,
131,Cephalophus_rufilatus,Cetartiodactyla,Bovidae,Cephalophus,rufilatus,12000,HerbiTraits,0,1,HerbiTraits,0,3,1,HerbiTraits,
132,Cephalophus_zebra,Cetartiodactyla,Bovidae,Cephalophus,zebra,17500.1,HerbiTraits,0,1,HerbiTraits,0,3,0,HerbiTraits,
133,Cephalophus_weynsi,Cetartiodactyla,Bovidae,Cephalophus,weynsi,17000,HerbiTraits,0,1,HerbiTraits,0,3,0,HerbiTraits,
134,Cephalophus_silvicultor,Cetartiodactyla,Bovidae,Cephalophus,silvicultor,72500.3,HerbiTraits,0,1,HerbiTraits,0,3,1,HerbiTraits,
135,Cephalophus_ogilbyi,Cetartiodactyla,Bovidae,Cephalophus,ogilbyi,20000,HerbiTraits,0,1,HerbiTraits,0,3,0,HerbiTraits,
136,Cephalophus_nigrifrons,Cetartiodactyla,Bovidae,Cephalophus,nigrifrons,13899.8,HerbiTraits,0,1,HerbiTraits,0,3,0,HerbiTraits,
137,Cephalophus_natalensis,Cetartiodactyla,Bovidae,Cephalophus,natalensis,12000,HerbiTraits,0,1,HerbiTraits,0,3,0,HerbiTraits,
138,Cephalophus_leucogaster,Cetartiodactyla,Bovidae,Cephalophus,leucogaster,12699.9,HerbiTraits,0,1,HerbiTraits,0,3,0,HerbiTraits,
139,Cephalophus_adersi,Cetartiodactyla,Bovidae,Cephalophus,adersi,9250,PHYLACINE,0,1,EltonTraits,0,3,0,Imputed from genus using HerbiTraits,
140,Cephalophus_jentinki,Cetartiodactyla,Bovidae,Cephalophus,jentinki,70000.3,HerbiTraits,0,1,HerbiTraits,0,3,0,HerbiTraits,
141,Cephalophus_dorsalis,Cetartiodactyla,Bovidae,Cephalophus,dorsalis,20000,HerbiTraits,0,1,HerbiTraits,0,3,0,HerbiTraits,
142,Cephalophus_callipygus,Cetartiodactyla,Bovidae,Cephalophus,callipygus,18249.9,HerbiTraits,0,1,HerbiTraits,0,3,0,HerbiTraits,
143,Cephalophus_niger,Cetartiodactyla,Bovidae,Cephalophus,niger,20400,HerbiTraits,0,1,HerbiTraits,0,3,1,HerbiTraits,
144,Cephalophus_spadix,Cetartiodactyla,Bovidae,Cephalophus,spadix,56000.3,HerbiTraits,0,1,HerbiTraits,0,3,1,HerbiTraits,
145,Philantomba_maxwellii,Cetartiodactyla,Bovidae,Philantomba,maxwellii,12000,HerbiTraits,0,1,HerbiTraits,0,3,1,HerbiTraits,
146,Philantomba_monticola,Cetartiodactyla,Bovidae,Philantomba,monticola,6250,PHYLACINE,0,1,EltonTraits,0,3,1,Imputed from genus using HerbiTraits,
147,Sylvicapra_grimmia,Cetartiodactyla,Bovidae,Sylvicapra,grimmia,19499.8,HerbiTraits,0,1,HerbiTraits,1,3,1,HerbiTraits,
148,Addax_nasomaculatus,Cetartiodactyla,Bovidae,Addax,nasomaculatus,70000.3,HerbiTraits,0,1,HerbiTraits,3,1,0,HerbiTraits,
149,Hippotragus_equinus,Cetartiodactyla,Bovidae,Hippotragus,equinus,269997.7,HerbiTraits,0,1,HerbiTraits,3,1,0,HerbiTraits,
150,Hippotragus_leucophaeus,Cetartiodactyla,Bovidae,Hippotragus,leucophaeus,150000,HerbiTraits,0,1,HerbiTraits,3,1,0,HerbiTraits,
151,Hippotragus_niger,Cetartiodactyla,Bovidae,Hippotragus,niger,227499.3,HerbiTraits,0,1,HerbiTraits,3,1,0,HerbiTraits,
152,Oryx_leucoryx,Cetartiodactyla,Bovidae,Oryx,leucoryx,87700,HerbiTraits,0,1,HerbiTraits,3,2,1,HerbiTraits,
153,Oryx_beisa,Cetartiodactyla,Bovidae,Oryx,beisa,170000,HerbiTraits,0,1,HerbiTraits,3,1,0,HerbiTraits,
154,Oryx_dammah,Cetartiodactyla,Bovidae,Oryx,dammah,200000,HerbiTraits,0,1,HerbiTraits,3,2,0,HerbiTraits,
155,Oryx_gazella,Cetartiodactyla,Bovidae,Oryx,gazella,169001.3,HerbiTraits,0,1,HerbiTraits,3,3,0,HerbiTraits,
156,Hyemoschus_aquaticus,Cetartiodactyla,Tragulidae,Hyemoschus,aquaticus,10850,HerbiTraits,0,1,HerbiTraits,0,3,1,HerbiTraits,
157,Moschiola_meminna,Cetartiodactyla,Tragulidae,Moschiola,meminna,2445,PHYLACINE,0,1,EltonTraits,0,3,0,Prothero & Foss 2007 The Evolution of Artiodactyls,"Tragulids are concentrate selectors, eating easily digestible foods such as fallen fruit and seeds, flowers, leaves, shoots, mushrooms, etc."
158,Tragulus_versicolor,Cetartiodactyla,Tragulidae,Tragulus,versicolor,1700,PHYLACINE,0,1,EltonTraits,0,3,0,Prothero & Foss 2007 The Evolution of Artiodactyls,"Tragulids are concentrate selectors, eating easily digestible foods such as fallen fruit and seeds, flowers, leaves, shoots, mushrooms, etc."
159,Tragulus_williamsoni,Cetartiodactyla,Tragulidae,Tragulus,williamsoni,1935.5,PHYLACINE,0,1,EltonTraits,0,3,0,Prothero & Foss 2007 The Evolution of Artiodactyls,"Tragulids are concentrate selectors, eating easily digestible foods such as fallen fruit and seeds, flowers, leaves, shoots, mushrooms, etc."
160,Tragulus_napu,Cetartiodactyla,Tragulidae,Tragulus,napu,4000,PHYLACINE,0,1,EltonTraits,0,3,0,Phillipps & Phillipps 2016 Phillipps' Field Guide to the Mammals of Borneo and their Ecology,"Primarily frugivorous, but also consumes browse."
161,Tragulus_kanchil,Cetartiodactyla,Tragulidae,Tragulus,kanchil,2000,PHYLACINE,0,1,EltonTraits,0,3,0,Phillipps & Phillipps 2016 Phillipps' Field Guide to the Mammals of Borneo and their Ecology,"Primarily frugivorous, but also consumes browse."
162,Tragulus_javanicus,Cetartiodactyla,Tragulidae,Tragulus,javanicus,2775,PHYLACINE,0,1,EltonTraits,0,3,0,Prothero & Foss 2007 The Evolution of Artiodactyls,"Tragulids are concentrate selectors, eating easily digestible foods such as fallen fruit and seeds, flowers, leaves, shoots, mushrooms, etc."
163,Moschus_cupreus,Cetartiodactyla,Moschidae,Moschus,cupreus,14500,HerbiTraits,0,1,HerbiTraits,1,3,0,HerbiTraits,
164,Moschus_chrysogaster,Cetartiodactyla,Moschidae,Moschus,chrysogaster,14500,HerbiTraits,0,1,HerbiTraits,2,3,0,HerbiTraits,
165,Moschus_anhuiensis,Cetartiodactyla,Moschidae,Moschus,anhuiensis,8400,PHYLACINE,0,1,EltonTraits,1,3,0,Imputed from genus using HerbiTraits,
166,Moschus_moschiferus,Cetartiodactyla,Moschidae,Moschus,moschiferus,13000,HerbiTraits,0,1,HerbiTraits,0,3,0,HerbiTraits,
167,Moschus_leucogaster,Cetartiodactyla,Moschidae,Moschus,leucogaster,15500,HerbiTraits,0,1,HerbiTraits,0,3,0,HerbiTraits,
168,Moschus_fuscus,Cetartiodactyla,Moschidae,Moschus,fuscus,12500,HerbiTraits,0,1,HerbiTraits,2,3,0,HerbiTraits,
169,Moschus_berezovskii,Cetartiodactyla,Moschidae,Moschus,berezovskii,9000,PHYLACINE,0,1,EltonTraits,1,3,0,Imputed from genus using HerbiTraits,
170,Alces_alces,Cetartiodactyla,Cervidae,Alces,alces,356998,HerbiTraits,0,1,HerbiTraits,0,3,0,HerbiTraits,
171,Blastocerus_dichotomus,Cetartiodactyla,Cervidae,Blastocerus,dichotomus,86666.2,HerbiTraits,0,1,HerbiTraits,2,3,0,HerbiTraits,
172,Capreolus_pygargus,Cetartiodactyla,Cervidae,Capreolus,pygargus,43752.2,HerbiTraits,0,1,HerbiTraits,2,3,0,HerbiTraits,
173,Capreolus_capreolus,Cetartiodactyla,Cervidae,Capreolus,capreolus,22500,HerbiTraits,0,1,HerbiTraits,0,3,0,HerbiTraits,
174,Hippocamelus_bisulcus,Cetartiodactyla,Cervidae,Hippocamelus,bisulcus,70000.3,HerbiTraits,0,1,HerbiTraits,2,3,0,HerbiTraits,
175,Hippocamelus_antisensis,Cetartiodactyla,Cervidae,Hippocamelus,antisensis,68599.4,HerbiTraits,0,1,HerbiTraits,3,3,0,HerbiTraits,
176,Mazama_rufina,Cetartiodactyla,Cervidae,Mazama,rufina,25999.8,HerbiTraits,0,1,HerbiTraits,0,3,0,HerbiTraits,
177,Mazama_americana,Cetartiodactyla,Cervidae,Mazama,americana,22799.7,HerbiTraits,0,1,HerbiTraits,0,3,0,HerbiTraits,
178,Mazama_bororo,Cetartiodactyla,Cervidae,Mazama,bororo,25000,HerbiTraits,0,1,HerbiTraits,0,3,0,HerbiTraits,
179,Mazama_bricenii,Cetartiodactyla,Cervidae,Mazama,bricenii,16499.9,HerbiTraits,0,1,HerbiTraits,0,3,0,HerbiTraits,
180,Mazama_chunyi,Cetartiodactyla,Cervidae,Mazama,chunyi,16499.9,HerbiTraits,0,1,HerbiTraits,0,3,0,HerbiTraits,
181,Mazama_gouazoubira,Cetartiodactyla,Cervidae,Mazama,gouazoubira,16300.1,HerbiTraits,0,1,HerbiTraits,0,3,0,HerbiTraits,
182,Mazama_pandora,Cetartiodactyla,Cervidae,Mazama,pandora,21000,HerbiTraits,0,1,HerbiTraits,0,3,0,HerbiTraits,
183,Mazama_temama,Cetartiodactyla,Cervidae,Mazama,temama,25000,HerbiTraits,0,1,HerbiTraits,1,3,0,HerbiTraits,
184,Mazama_nana,Cetartiodactyla,Cervidae,Mazama,nana,16499.9,HerbiTraits,0,1,HerbiTraits,0,3,0,HerbiTraits,
185,Odocoileus_hemionus,Cetartiodactyla,Cervidae,Odocoileus,hemionus,54212.6,HerbiTraits,0,1,HerbiTraits,1,3,0,HerbiTraits,
186,Odocoileus_virginianus,Cetartiodactyla,Cervidae,Odocoileus,virginianus,55508.6,HerbiTraits,0,1,HerbiTraits,0,3,0,HerbiTraits,
187,Ozotoceros_bezoarticus,Cetartiodactyla,Cervidae,Ozotoceros,bezoarticus,40000,HerbiTraits,0,1,HerbiTraits,2,3,0,HerbiTraits,
188,Pudu_mephistophiles,Cetartiodactyla,Cervidae,Pudu,mephistophiles,9600,PHYLACINE,0,1,EltonTraits,0,3,0,Duarte & González 2010 Neotropical Cervidology,"Assumed to feed on leaves and fruits, and considered a concentrated feeder."
189,Pudu_puda,Cetartiodactyla,Cervidae,Pudu,puda,9749.9,PHYLACINE,0,1,EltonTraits,0,3,0,Duarte & González 2010 Neotropical Cervidology,"Browser, with a diet consisting of foliage, forbs, fruits, flowers, seedlings, and saplings."
190,Rangifer_tarandus,Cetartiodactyla,Cervidae,Rangifer,tarandus,86034,HerbiTraits,0,1,HerbiTraits,2,3,0,HerbiTraits,
191,Axis_kuhlii,Cetartiodactyla,Cervidae,Axis,kuhlii,55000,HerbiTraits,0,1,HerbiTraits,3,3,0,HerbiTraits,
192,Axis_porcinus,Cetartiodactyla,Cervidae,Axis,porcinus,34127.8,HerbiTraits,0,1,HerbiTraits,3,1,0,HerbiTraits,
193,Axis_axis,Cetartiodactyla,Cervidae,Axis,axis,66172.8,HerbiTraits,0,1,HerbiTraits,3,2,0,HerbiTraits,
194,Cervus_elaphus,Cetartiodactyla,Cervidae,Cervus,elaphus,131250,HerbiTraits,0,1,HerbiTraits,2,3,0,HerbiTraits,
195,Cervus_nippon,Cetartiodactyla,Cervidae,Cervus,nippon,53000,HerbiTraits,0,1,HerbiTraits,2,3,0,HerbiTraits,
196,Dama_dama,Cetartiodactyla,Cervidae,Dama,dama,56250,HerbiTraits,0,1,HerbiTraits,3,3,0,HerbiTraits,
197,Elaphodus_cephalophus,Cetartiodactyla,Cervidae,Elaphodus,cephalophus,33500,HerbiTraits,0,1,HerbiTraits,2,3,0,HerbiTraits,
198,Elaphurus_davidianus,Cetartiodactyla,Cervidae,Elaphurus,davidianus,149000,HerbiTraits,0,1,HerbiTraits,3,3,0,HerbiTraits,
199,Muntiacus_feae,Cetartiodactyla,Cervidae,Muntiacus,feae,22000,HerbiTraits,0,1,HerbiTraits,1,3,0,HerbiTraits,
200,Muntiacus_crinifrons,Cetartiodactyla,Cervidae,Muntiacus,crinifrons,36141,HerbiTraits,0,1,HerbiTraits,1,3,0,HerbiTraits,
201,Muntiacus_gongshanensis,Cetartiodactyla,Cervidae,Muntiacus,gongshanensis,19906.7,HerbiTraits,0,1,HerbiTraits,0,3,0,HerbiTraits,
202,Muntiacus_muntjak,Cetartiodactyla,Cervidae,Muntiacus,muntjak,15925.8,HerbiTraits,0,1,HerbiTraits,1,3,0,HerbiTraits,
203,Muntiacus_vuquangensis,Cetartiodactyla,Cervidae,Muntiacus,vuquangensis,34000,HerbiTraits,0,1,HerbiTraits,0,3,0,HerbiTraits,
204,Muntiacus_putaoensis,Cetartiodactyla,Cervidae,Muntiacus,putaoensis,12000,HerbiTraits,0,1,HerbiTraits,0,3,0,HerbiTraits,
205,Muntiacus_atherodes,Cetartiodactyla,Cervidae,Muntiacus,atherodes,15600,HerbiTraits,0,1,HerbiTraits,1,3,0,HerbiTraits,
206,Muntiacus_reevesi,Cetartiodactyla,Cervidae,Muntiacus,reevesi,13500,HerbiTraits,0,1,HerbiTraits,0,3,0,HerbiTraits,
207,Muntiacus_rooseveltorum,Cetartiodactyla,Cervidae,Muntiacus,rooseveltorum,15000,HerbiTraits,0,1,HerbiTraits,0,3,0,HerbiTraits,
208,Muntiacus_truongsonensis,Cetartiodactyla,Cervidae,Muntiacus,truongsonensis,15000,HerbiTraits,0,1,HerbiTraits,0,3,0,HerbiTraits,
209,Cervus_albirostris,Cetartiodactyla,Cervidae,Cervus,albirostris,125000,HerbiTraits,0,1,HerbiTraits,3,2,0,HerbiTraits,
210,Rucervus_schomburgki,Cetartiodactyla,Cervidae,Rucervus,schomburgki,110000,HerbiTraits,0,1,HerbiTraits,3,0,0,HerbiTraits,
211,Rucervus_eldii,Cetartiodactyla,Cervidae,Rucervus,eldii,73000,HerbiTraits,0,1,HerbiTraits,3,1,0,HerbiTraits,
212,Rucervus_duvaucelii,Cetartiodactyla,Cervidae,Rucervus,duvaucelii,143000,HerbiTraits,0,1,HerbiTraits,3,3,0,HerbiTraits,
213,Rusa_unicolor,Cetartiodactyla,Cervidae,Rusa,unicolor,180344.4,HerbiTraits,0,1,HerbiTraits,3,3,0,HerbiTraits,
214,Rusa_marianna,Cetartiodactyla,Cervidae,Rusa,marianna,50000,HerbiTraits,0,1,HerbiTraits,2,3,0,HerbiTraits,
215,Rusa_timorensis,Cetartiodactyla,Cervidae,Rusa,timorensis,63000,HerbiTraits,0,1,HerbiTraits,3,3,0,HerbiTraits,
216,Hydropotes_inermis,Cetartiodactyla,Cervidae,Hydropotes,inermis,14000,HerbiTraits,0,1,HerbiTraits,3,3,0,HerbiTraits,
217,Antilocapra_americana,Cetartiodactyla,Antilocapridae,Antilocapra,americana,46082.9,HerbiTraits,0,1,HerbiTraits,0,3,0,HerbiTraits,
218,Giraffa_camelopardalis,Cetartiodactyla,Giraffidae,Giraffa,camelopardalis,899994.8,HerbiTraits,0,1,HerbiTraits,0,3,0,HerbiTraits,
219,Okapia_johnstoni,Cetartiodactyla,Giraffidae,Okapia,johnstoni,230001.1,HerbiTraits,0,1,HerbiTraits,0,3,0,HerbiTraits,
220,Agalmaceros_blicki,Cetartiodactyla,Cervidae,Agalmaceros,blicki,60000,HerbiTraits,0,1,HerbiTraits,0,3,0,HerbiTraits,
221,Antidorcas_australis,Cetartiodactyla,Bovidae,Antidorcas,australis,40000,HerbiTraits,0,1,HerbiTraits,3,3,0,HerbiTraits,
222,Antidorcas_bondi,Cetartiodactyla,Bovidae,Antidorcas,bondi,34000,HerbiTraits,0,1,HerbiTraits,3,1,0,HerbiTraits,
223,Antifer_ultra,Cetartiodactyla,Cervidae,Antifer,ultra,86666.2,HerbiTraits,0,1,HerbiTraits,2,3,0,HerbiTraits,
224,Bootherium_bombifrons,Cetartiodactyla,Bovidae,Bootherium,bombifrons,300000,HerbiTraits,0,1,HerbiTraits,1,3,0,HerbiTraits,
225,Bubalus_grovesi,Cetartiodactyla,Bovidae,Bubalus,grovesi,117000,HerbiTraits,0,1,HerbiTraits,2,3,0,HerbiTraits,
226,Bubalus_palaeokerabau,Cetartiodactyla,Bovidae,Bubalus,palaeokerabau,1125940.4,HerbiTraits,0,1,HerbiTraits,3,0,0,HerbiTraits,
227,Camelops_hesternus,Cetartiodactyla,Camelidae,Camelops,hesternus,1100000,HerbiTraits,0,1,HerbiTraits,1,3,0,HerbiTraits,
228,Capra_cylindricornis,Cetartiodactyla,Bovidae,Capra,cylindricornis,50000,HerbiTraits,0,1,HerbiTraits,3,2,0,HerbiTraits,
229,CapriniGen_spA,Cetartiodactyla,Bovidae,CapriniGen,spA,63270.3,HerbiTraits,0,1,HerbiTraits,3,0,0,HerbiTraits,
230,Capromeryx_minor,Cetartiodactyla,Antilocapridae,Capromeryx,minor,10510,HerbiTraits,0,1,HerbiTraits,2,3,0,HerbiTraits,
231,Catagonus_stenocephalus,Cetartiodactyla,Tayassuidae,Catagonus,stenocephalus,34881.9,HerbiTraits,0,1,HerbiTraits,0,3,1,HerbiTraits,
232,Cephalophus_harveyi,Cetartiodactyla,Bovidae,Cephalophus,harveyi,14500.1,HerbiTraits,0,1,HerbiTraits,0,3,0,HerbiTraits,
233,Cervalces_scotti,Cetartiodactyla,Cervidae,Cervalces,scotti,632000,HerbiTraits,0,1,HerbiTraits,0,3,0,HerbiTraits,
234,Cervus_canadensis,Cetartiodactyla,Cervidae,Cervus,canadensis,131250,HerbiTraits,0,1,HerbiTraits,3,2,0,HerbiTraits,
235,Dama_mesopotamica,Cetartiodactyla,Cervidae,Dama,mesopotamica,72500,HerbiTraits,0,1,HerbiTraits,2,3,0,HerbiTraits,
236,Damaliscus_hypsodon,Cetartiodactyla,Bovidae,Damaliscus,hypsodon,63000,HerbiTraits,0,1,HerbiTraits,3,0,0,HerbiTraits,
237,Damaliscus_niro,Cetartiodactyla,Bovidae,Damaliscus,niro,150000,HerbiTraits,0,1,HerbiTraits,3,0,0,HerbiTraits,
238,Euceratherium_collinum,Cetartiodactyla,Bovidae,Euceratherium,collinum,450000,HerbiTraits,0,1,HerbiTraits,0,3,0,HerbiTraits,
239,Eudorcas_albonotata,Cetartiodactyla,Bovidae,Eudorcas,albonotata,25000,HerbiTraits,0,1,HerbiTraits,3,2,0,HerbiTraits,
240,Gazella_atlantica,Cetartiodactyla,Bovidae,Gazella,atlantica,44500,HerbiTraits,0,1,HerbiTraits,0,3,0,HerbiTraits,
241,Gazella_bilkis,Cetartiodactyla,Bovidae,Gazella,bilkis,48500,HerbiTraits,0,1,HerbiTraits,0,3,0,HerbiTraits,
242,Gazella_tingitana,Cetartiodactyla,Bovidae,Gazella,tingitana,24877.1,HerbiTraits,0,1,HerbiTraits,3,3,0,HerbiTraits,
243,Haploidoceros_mediterraneus,Cetartiodactyla,Cervidae,Haploidoceros,mediterraneus,100000,HerbiTraits,0,1,HerbiTraits,2,3,0,HerbiTraits,
244,Hemiauchenia_macrocephala,Cetartiodactyla,Camelidae,Hemiauchenia,macrocephala,110000,HerbiTraits,0,1,HerbiTraits,3,3,0,HerbiTraits,
245,Hemiauchenia_paradoxa,Cetartiodactyla,Camelidae,Hemiauchenia,paradoxa,1000000,HerbiTraits,0,1,HerbiTraits,2,3,0,HerbiTraits,
246,Hemitragus_cedrensis,Cetartiodactyla,Bovidae,Hemitragus,cedrensis,64600,HerbiTraits,0,1,HerbiTraits,3,1,0,HerbiTraits,
247,Hexaprotodon_sivalensis,Cetartiodactyla,Hippopotamidae,Hexaprotodon,sivalensis,300000,HerbiTraits,0,1,HerbiTraits,3,1,0,HerbiTraits,
248,Hippopotamus_lemerlei,Cetartiodactyla,Hippopotamidae,Hippopotamus,lemerlei,500034.5,HerbiTraits,0,1,HerbiTraits,1,3,0,HerbiTraits,
249,Hippopotamus_madagascariensis,Cetartiodactyla,Hippopotamidae,Hippopotamus,madagascariensis,500034.5,HerbiTraits,0,1,HerbiTraits,1,3,0,HerbiTraits,
250,Kolpochoerus_majus,Cetartiodactyla,Suidae,Kolpochoerus,majus,264541.8,HerbiTraits,0,1,HerbiTraits,3,0,2,HerbiTraits,
251,Mazama_nemorivaga,Cetartiodactyla,Cervidae,Mazama,nemorivaga,15000,HerbiTraits,0,1,HerbiTraits,0,3,0,HerbiTraits,
252,Megaceroides_algericus,Cetartiodactyla,Cervidae,Megaceroides,algericus,800000,HerbiTraits,0,1,HerbiTraits,2,3,0,HerbiTraits,
253,Megaloceros_giganteus,Cetartiodactyla,Cervidae,Megaloceros,giganteus,699842,HerbiTraits,0,1,HerbiTraits,3,3,0,HerbiTraits,
254,Megalotragus_priscus,Cetartiodactyla,Bovidae,Megalotragus,priscus,200000,HerbiTraits,0,1,HerbiTraits,3,0,0,HerbiTraits,
255,Megalovis_guangxiensis,Cetartiodactyla,Bovidae,Megalovis,guangxiensis,76225.5,HerbiTraits,0,1,HerbiTraits,3,3,0,HerbiTraits,
256,Metridiochoerus_compactus,Cetartiodactyla,Suidae,Metridiochoerus,compactus,142000,HerbiTraits,0,1,HerbiTraits,3,0,1,HerbiTraits,
257,Morenelaphus_brachyceros,Cetartiodactyla,Cervidae,Morenelaphus,brachyceros,50000,HerbiTraits,0,1,HerbiTraits,3,2,0,HerbiTraits,
258,Morenelaphus_lujanensis,Cetartiodactyla,Cervidae,Morenelaphus,lujanensis,50000,HerbiTraits,0,1,HerbiTraits,3,2,0,HerbiTraits,
259,Moschiola_indica,Cetartiodactyla,Tragulidae,Moschiola,indica,3000,PHYLACINE,0,1,Imputed from genus,0,3,0,Prothero & Foss 2007 The Evolution of Artiodactyls,"Tragulids are concentrate selectors, eating easily digestible foods such as fallen fruit and seeds, flowers, leaves, shoots, mushrooms, etc."
260,Moschiola_kathygre,Cetartiodactyla,Tragulidae,Moschiola,kathygre,1962.2,PHYLACINE,0,1,Imputed from genus,0,3,0,Prothero & Foss 2007 The Evolution of Artiodactyls,"Tragulids are concentrate selectors, eating easily digestible foods such as fallen fruit and seeds, flowers, leaves, shoots, mushrooms, etc."
261,Muknalia_minima,Cetartiodactyla,Tayassuidae,Muknalia,minima,20500,HerbiTraits,0,1,HerbiTraits,0,3,1,HerbiTraits,
262,Muntiacus_montanus,Cetartiodactyla,Cervidae,Muntiacus,montanus,17619.8,HerbiTraits,0,1,HerbiTraits,1,3,0,HerbiTraits,
263,Muntiacus_vaginalis,Cetartiodactyla,Cervidae,Muntiacus,vaginalis,18218,HerbiTraits,0,1,HerbiTraits,0,3,0,HerbiTraits,
264,Mylohyus_nasutus,Cetartiodactyla,Tayassuidae,Mylohyus,nasutus,75000,HerbiTraits,0,1,HerbiTraits,1,3,1,HerbiTraits,
265,Navahoceros_fricki,Cetartiodactyla,Cervidae,Navahoceros,fricki,49522.2,HerbiTraits,0,1,HerbiTraits,0,3,0,HerbiTraits,
266,Oreamnos_harringtoni,Cetartiodactyla,Bovidae,Oreamnos,harringtoni,75000,HerbiTraits,0,1,HerbiTraits,3,3,0,HerbiTraits,
267,Palaeolama_major,Cetartiodactyla,Camelidae,Palaeolama,major,1089501.4,HerbiTraits,0,1,HerbiTraits,2,3,0,HerbiTraits,
268,Palaeolama_mirifica,Cetartiodactyla,Camelidae,Palaeolama,mirifica,80000,HerbiTraits,0,1,HerbiTraits,1,3,0,HerbiTraits,
269,Palaeolama_weddeli,Cetartiodactyla,Camelidae,Palaeolama,weddeli,1021897,HerbiTraits,0,1,HerbiTraits,2,3,0,HerbiTraits,
270,Paraceros_fragilis,Cetartiodactyla,Cervidae,Paraceros,fragilis,50000,HerbiTraits,0,1,HerbiTraits,3,3,0,HerbiTraits,
271,Pelorovis_antiquus,Cetartiodactyla,Bovidae,Pelorovis,antiquus,1000000,HerbiTraits,0,1,HerbiTraits,3,0,0,HerbiTraits,
272,Philantomba_walteri,Cetartiodactyla,Bovidae,Philantomba,walteri,9000,PHYLACINE,0,1,Imputed from genus,0,3,1,Imputed from genus using HerbiTraits,
273,Platygonus_compressus,Cetartiodactyla,Tayassuidae,Platygonus,compressus,110000,HerbiTraits,0,1,HerbiTraits,1,3,1,HerbiTraits,
274,Praemegaceros_cazioti,Cetartiodactyla,Cervidae,Praemegaceros,cazioti,70000,HerbiTraits,0,1,HerbiTraits,3,3,0,HerbiTraits,
275,Rusingoryx_atopocranion,Cetartiodactyla,Bovidae,Rusingoryx,atopocranion,150000,HerbiTraits,0,1,HerbiTraits,3,2,0,HerbiTraits,
276,Sangamona_fugitiva,Cetartiodactyla,Cervidae,Sangamona,fugitiva,157500,HerbiTraits,0,1,HerbiTraits,2,3,0,HerbiTraits,
277,Sinomegaceros_ordosianus,Cetartiodactyla,Cervidae,Sinomegaceros,ordosianus,339625.3,HerbiTraits,0,1,HerbiTraits,0,3,0,HerbiTraits,
278,Sinomegaceros_yabei,Cetartiodactyla,Cervidae,Sinomegaceros,yabei,388150.4,HerbiTraits,0,1,HerbiTraits,3,2,0,HerbiTraits,
279,Sivacobus_sankaliai,Cetartiodactyla,Bovidae,Sivacobus,sankaliai,78500.1,HerbiTraits,0,1,HerbiTraits,3,2,0,HerbiTraits,
280,Soergelia_minor,Cetartiodactyla,Bovidae,Soergelia,minor,225000,HerbiTraits,0,1,HerbiTraits,3,3,0,HerbiTraits,
281,Spirocerus_kiakhtensis,Cetartiodactyla,Bovidae,Spirocerus,kiakhtensis,790678.6,HerbiTraits,0,1,HerbiTraits,3,0,0,HerbiTraits,
282,Stockoceros_conklingi,Cetartiodactyla,Antilocapridae,Stockoceros,conklingi,51000,HerbiTraits,0,1,HerbiTraits,1,3,0,HerbiTraits,
283,Sus_brachgnathus,Cetartiodactyla,Suidae,Sus,brachgnathus,38125,HerbiTraits,0,1,HerbiTraits,1,3,2,HerbiTraits,
284,Tetrameryx_shuleri,Cetartiodactyla,Antilocapridae,Tetrameryx,shuleri,60000,HerbiTraits,0,1,HerbiTraits,1,3,0,HerbiTraits,
