,Binomial.1.2,Order.1.2,Family.1.2,Genus.1.2,Species.1.2,Mass.g,Mass.Source,ForStrat.Arboreal,ForStrat.Ground,ForStrat.Source,Diet.Invertebrate,Diet.Vertebrate,Diet.Fruit,Diet.Leaf,Diet.Source,PlantCat.Source,PlantCat.Notes
1,Allocebus_trichotis,Primates,Cheirogaleidae,Allocebus,trichotis,77.5,PHYLACINE,1,0,EltonTraits,0,0,50,50,PHYLACINE,EltonTraits,
2,Cheirogaleus_crossleyi,Primates,Cheirogaleidae,Cheirogaleus,crossleyi,375,PHYLACINE,1,0,EltonTraits,10,0,50,40,PHYLACINE,EltonTraits,
3,Cheirogaleus_major,Primates,Cheirogaleidae,Cheirogaleus,major,450,PHYLACINE,1,0,EltonTraits,20,0,50,30,PHYLACINE,EltonTraits,
4,Cheirogaleus_medius,Primates,Cheirogaleidae,Cheirogaleus,medius,181,PHYLACINE,1,0,EltonTraits,20,0,50,30,PHYLACINE,EltonTraits,
5,Cheirogaleus_minusculus,Primates,Cheirogaleidae,Cheirogaleus,minusculus,199.9,PHYLACINE,1,0,EltonTraits,10,0,50,40,PHYLACINE,EltonTraits,
6,Cheirogaleus_sibreei,Primates,Cheirogaleidae,Cheirogaleus,sibreei,285.5,PHYLACINE,1,0,EltonTraits,10,0,50,40,PHYLACINE,EltonTraits,
7,Microcebus_murinus,Primates,Cheirogaleidae,Microcebus,murinus,60,PHYLACINE,1,0,EltonTraits,20,20,40,20,PHYLACINE,EltonTraits,
8,Microcebus_sambiranensis,Primates,Cheirogaleidae,Microcebus,sambiranensis,44,PHYLACINE,1,0,EltonTraits,33,22,30,15,PHYLACINE,EltonTraits,
9,Microcebus_rufus,Primates,Cheirogaleidae,Microcebus,rufus,42.5,PHYLACINE,1,0,EltonTraits,20,20,40,20,PHYLACINE,EltonTraits,
10,Microcebus_griseorufus,Primates,Cheirogaleidae,Microcebus,griseorufus,62.5,PHYLACINE,1,0,EltonTraits,20,0,53,27,PHYLACINE,EltonTraits,
11,Microcebus_berthae,Primates,Cheirogaleidae,Microcebus,berthae,30.5,PHYLACINE,1,0,EltonTraits,0,0,67,33,PHYLACINE,EltonTraits,
12,Microcebus_myoxinus,Primates,Cheirogaleidae,Microcebus,myoxinus,47.5,PHYLACINE,1,0,EltonTraits,33,22,30,15,PHYLACINE,EltonTraits,
13,Microcebus_ravelobensis,Primates,Cheirogaleidae,Microcebus,ravelobensis,72,PHYLACINE,1,0,EltonTraits,20,0,53,27,PHYLACINE,EltonTraits,
14,Mirza_coquereli,Primates,Cheirogaleidae,Mirza,coquereli,308,PHYLACINE,1,0,EltonTraits,60,10,20,10,PHYLACINE,EltonTraits,
15,Phaner_electromontis,Primates,Cheirogaleidae,Phaner,electromontis,383.6,PHYLACINE,1,0,EltonTraits,0,0,100,0,PHYLACINE,EltonTraits,
16,Phaner_furcifer,Primates,Cheirogaleidae,Phaner,furcifer,400,PHYLACINE,1,0,EltonTraits,0,0,100,0,PHYLACINE,EltonTraits,
17,Phaner_pallescens,Primates,Cheirogaleidae,Phaner,pallescens,327,PHYLACINE,1,0,EltonTraits,0,0,100,0,PHYLACINE,EltonTraits,
18,Phaner_parienti,Primates,Cheirogaleidae,Phaner,parienti,363.4,PHYLACINE,1,0,EltonTraits,0,0,100,0,PHYLACINE,EltonTraits,
19,Eulemur_rufus,Primates,Lemuridae,Eulemur,rufus,2375,PHYLACINE,1,0,EltonTraits,0,0,30,70,PHYLACINE,EltonTraits,
20,Eulemur_rubriventer,Primates,Lemuridae,Eulemur,rubriventer,2000,PHYLACINE,1,0,EltonTraits,0,0,30,70,PHYLACINE,EltonTraits,
21,Eulemur_mongoz,Primates,Lemuridae,Eulemur,mongoz,1350,PHYLACINE,1,0,EltonTraits,0,0,70,30,PHYLACINE,EltonTraits,
22,Eulemur_macaco,Primates,Lemuridae,Eulemur,macaco,1900,PHYLACINE,1,0,EltonTraits,0,0,30,70,PHYLACINE,EltonTraits,
23,Eulemur_fulvus,Primates,Lemuridae,Eulemur,fulvus,2500,PHYLACINE,1,0,EltonTraits,0,0,30,70,PHYLACINE,EltonTraits,
24,Eulemur_cinereiceps,Primates,Lemuridae,Eulemur,cinereiceps,1920,PHYLACINE,1,0,EltonTraits,0,0,90,10,PHYLACINE,EltonTraits,
25,Eulemur_albifrons,Primates,Lemuridae,Eulemur,albifrons,2300,PHYLACINE,1,0,EltonTraits,20,0,40,40,PHYLACINE,EltonTraits,
26,Eulemur_collaris,Primates,Lemuridae,Eulemur,collaris,2375,PHYLACINE,1,0,EltonTraits,0,0,100,0,PHYLACINE,EltonTraits,
27,Hapalemur_alaotrensis,Primates,Lemuridae,Hapalemur,alaotrensis,1240,PHYLACINE,1,0,EltonTraits,0,0,0,100,PHYLACINE,EltonTraits,
28,Hapalemur_occidentalis,Primates,Lemuridae,Hapalemur,occidentalis,850,PHYLACINE,1,0,EltonTraits,0,0,0,100,PHYLACINE,EltonTraits,
29,Hapalemur_griseus,Primates,Lemuridae,Hapalemur,griseus,900,PHYLACINE,1,0,EltonTraits,0,0,0,100,PHYLACINE,EltonTraits,
30,Hapalemur_aureus,Primates,Lemuridae,Hapalemur,aureus,1450,PHYLACINE,1,0,EltonTraits,0,0,0,100,PHYLACINE,EltonTraits,
31,Lemur_catta,Primates,Lemuridae,Lemur,catta,2900,PHYLACINE,1,1,EltonTraits,0,0,80,20,PHYLACINE,EltonTraits,
32,Prolemur_simus,Primates,Lemuridae,Prolemur,simus,2350,PHYLACINE,1,0,EltonTraits,0,0,10,90,PHYLACINE,EltonTraits,
33,Varecia_rubra,Primates,Lemuridae,Varecia,rubra,3450,PHYLACINE,1,0,EltonTraits,0,0,90,10,PHYLACINE,EltonTraits,
34,Varecia_variegata,Primates,Lemuridae,Varecia,variegata,3350,PHYLACINE,1,0,EltonTraits,0,0,100,0,PHYLACINE,EltonTraits,
35,Lepilemur_leucopus,Primates,Lepilemuridae,Lepilemur,leucopus,525,PHYLACINE,1,0,EltonTraits,0,0,0,100,PHYLACINE,EltonTraits,
36,Lepilemur_ruficaudatus,Primates,Lepilemuridae,Lepilemur,ruficaudatus,750,PHYLACINE,1,0,EltonTraits,0,0,0,100,PHYLACINE,EltonTraits,
37,Lepilemur_microdon,Primates,Lepilemuridae,Lepilemur,microdon,900,PHYLACINE,1,0,EltonTraits,0,0,0,100,PHYLACINE,EltonTraits,
38,Lepilemur_edwardsi,Primates,Lepilemuridae,Lepilemur,edwardsi,877.5,PHYLACINE,1,0,EltonTraits,0,0,0,100,PHYLACINE,EltonTraits,
39,Lepilemur_dorsalis,Primates,Lepilemuridae,Lepilemur,dorsalis,855,PHYLACINE,1,0,EltonTraits,0,0,0,100,PHYLACINE,EltonTraits,
40,Lepilemur_mustelinus,Primates,Lepilemuridae,Lepilemur,mustelinus,1000,PHYLACINE,1,0,EltonTraits,0,0,0,100,PHYLACINE,EltonTraits,
41,Avahi_laniger,Primates,Indriidae,Avahi,laniger,1300,PHYLACINE,1,0,EltonTraits,0,0,20,80,PHYLACINE,EltonTraits,
42,Avahi_occidentalis,Primates,Indriidae,Avahi,occidentalis,850,PHYLACINE,1,0,EltonTraits,0,0,0,100,PHYLACINE,EltonTraits,
43,Avahi_unicolor,Primates,Indriidae,Avahi,unicolor,850,PHYLACINE,1,0,EltonTraits,0,0,0,100,PHYLACINE,EltonTraits,
44,Indri_indri,Primates,Indriidae,Indri,indri,8000,PHYLACINE,1,0,EltonTraits,0,0,30,70,PHYLACINE,EltonTraits,
45,Propithecus_edwardsi,Primates,Indriidae,Propithecus,edwardsi,5750,PHYLACINE,1,0,EltonTraits,0,0,50,50,PHYLACINE,EltonTraits,
46,Propithecus_verreauxi,Primates,Indriidae,Propithecus,verreauxi,3250,PHYLACINE,1,0,EltonTraits,0,0,30,70,PHYLACINE,EltonTraits,
47,Propithecus_deckenii,Primates,Indriidae,Propithecus,deckenii,4000,PHYLACINE,1,0,EltonTraits,0,0,30,70,PHYLACINE,EltonTraits,
48,Propithecus_coquereli,Primates,Indriidae,Propithecus,coquereli,3900,PHYLACINE,1,0,EltonTraits,0,0,30,70,PHYLACINE,EltonTraits,
49,Propithecus_tattersalli,Primates,Indriidae,Propithecus,tattersalli,3500,PHYLACINE,1,0,EltonTraits,0,0,30,70,PHYLACINE,EltonTraits,
50,Propithecus_diadema,Primates,Indriidae,Propithecus,diadema,5250,PHYLACINE,1,0,EltonTraits,0,0,30,70,PHYLACINE,EltonTraits,
51,Daubentonia_madagascariensis,Primates,Daubentoniidae,Daubentonia,madagascariensis,2500,PHYLACINE,1,0,EltonTraits,40,0,60,0,PHYLACINE,EltonTraits,
52,Arctocebus_aureus,Primates,Lorisidae,Arctocebus,aureus,235,PHYLACINE,1,0,EltonTraits,70,0,30,0,PHYLACINE,EltonTraits,
53,Arctocebus_calabarensis,Primates,Lorisidae,Arctocebus,calabarensis,210,PHYLACINE,1,0,EltonTraits,70,0,30,0,PHYLACINE,EltonTraits,
54,Loris_lydekkerianus,Primates,Lorisidae,Loris,lydekkerianus,235,PHYLACINE,1,0,EltonTraits,100,0,0,0,PHYLACINE,Non-Herbivore,
55,Loris_tardigradus,Primates,Lorisidae,Loris,tardigradus,227.7,PHYLACINE,1,0,EltonTraits,70,10,10,10,PHYLACINE,EltonTraits,
56,Nycticebus_coucang,Primates,Lorisidae,Nycticebus,coucang,803.5,PHYLACINE,1,0,EltonTraits,40,40,20,0,PHYLACINE,EltonTraits,
57,Nycticebus_pygmaeus,Primates,Lorisidae,Nycticebus,pygmaeus,900,PHYLACINE,1,0,EltonTraits,40,40,20,0,PHYLACINE,EltonTraits,
58,Nycticebus_bengalensis,Primates,Lorisidae,Nycticebus,bengalensis,1500,PHYLACINE,1,0,EltonTraits,10,0,90,0,PHYLACINE,EltonTraits,
59,Perodicticus_potto,Primates,Lorisidae,Perodicticus,potto,1100,PHYLACINE,1,0,EltonTraits,10,0,90,0,PHYLACINE,EltonTraits,
60,Perodicticus_edwardsi,Primates,Lorisidae,Perodicticus,edwardsi,1210,PHYLACINE,1,0,EltonTraits,10,10,80,0,PHYLACINE,EltonTraits,
61,Euoticus_elegantulus,Primates,Galagidae,Euoticus,elegantulus,300,PHYLACINE,1,0,EltonTraits,20,0,80,0,PHYLACINE,EltonTraits,
62,Euoticus_pallidus,Primates,Galagidae,Euoticus,pallidus,230,PHYLACINE,1,0,EltonTraits,20,0,80,0,PHYLACINE,EltonTraits,
63,Sciurocheirus_gabonensis,Primates,Galagidae,Sciurocheirus,gabonensis,271.6,PHYLACINE,1,0,EltonTraits,20,0,80,0,PHYLACINE,EltonTraits,
64,Galagoides_thomasi,Primates,Galagidae,Galagoides,thomasi,99.7,PHYLACINE,1,0,EltonTraits,80,0,20,0,PHYLACINE,EltonTraits,
65,Galago_senegalensis,Primates,Galagidae,Galago,senegalensis,227.7,PHYLACINE,1,0,EltonTraits,40,0,60,0,PHYLACINE,EltonTraits,
66,Galagoides_rondoensis,Primates,Galagidae,Galagoides,rondoensis,84.2,PHYLACINE,1,0,EltonTraits,50,0,50,0,PHYLACINE,EltonTraits,
67,Galagoides_orinus,Primates,Galagidae,Galagoides,orinus,97,PHYLACINE,1,0,EltonTraits,20,0,80,0,PHYLACINE,EltonTraits,
68,Galagoides_zanzibaricus,Primates,Galagidae,Galagoides,zanzibaricus,100.5,PHYLACINE,1,0,EltonTraits,80,0,20,0,PHYLACINE,EltonTraits,
69,Galago_matschiei,Primates,Galagidae,Galago,matschiei,210,PHYLACINE,1,0,EltonTraits,40,0,60,0,PHYLACINE,EltonTraits,
70,Galagoides_granti,Primates,Galagidae,Galagoides,granti,158.7,PHYLACINE,1,0,EltonTraits,90,0,10,0,PHYLACINE,EltonTraits,
71,Sciurocheirus_alleni,Primates,Galagidae,Sciurocheirus,alleni,332.5,PHYLACINE,1,0,EltonTraits,40,0,60,0,PHYLACINE,EltonTraits,
72,Galago_gallarum,Primates,Galagidae,Galago,gallarum,250,PHYLACINE,1,0,EltonTraits,40,0,60,0,PHYLACINE,EltonTraits,
73,Galago_moholi,Primates,Galagidae,Galago,moholi,160,PHYLACINE,1,0,EltonTraits,40,0,60,0,PHYLACINE,EltonTraits,
74,Galagoides_demidoff,Primates,Galagidae,Galagoides,demidoff,60.1,PHYLACINE,1,0,EltonTraits,80,0,20,0,PHYLACINE,EltonTraits,
75,Otolemur_garnettii,Primates,Galagidae,Otolemur,garnettii,760,PHYLACINE,1,0,EltonTraits,20,0,80,0,PHYLACINE,EltonTraits,
76,Otolemur_crassicaudatus,Primates,Galagidae,Otolemur,crassicaudatus,1500,PHYLACINE,1,0,EltonTraits,20,0,80,0,PHYLACINE,EltonTraits,
77,Saguinus_niger,Primates,Callitrichidae,Saguinus,niger,591.2,PHYLACINE,1,0,EltonTraits,10,20,50,20,PHYLACINE,EltonTraits,
78,Saguinus_midas,Primates,Callitrichidae,Saguinus,midas,540,PHYLACINE,1,0,EltonTraits,40,0,60,0,PHYLACINE,EltonTraits,
79,Saguinus_mystax,Primates,Callitrichidae,Saguinus,mystax,618,PHYLACINE,1,0,EltonTraits,40,0,60,0,PHYLACINE,EltonTraits,
80,Saguinus_nigricollis,Primates,Callitrichidae,Saguinus,nigricollis,462,PHYLACINE,1,0,EltonTraits,40,0,60,0,PHYLACINE,EltonTraits,
81,Saguinus_bicolor,Primates,Callitrichidae,Saguinus,bicolor,465,PHYLACINE,1,0,EltonTraits,40,0,60,0,PHYLACINE,EltonTraits,
82,Saguinus_fuscicollis,Primates,Callitrichidae,Saguinus,fuscicollis,387,PHYLACINE,1,0,EltonTraits,40,0,60,0,PHYLACINE,EltonTraits,
83,Saguinus_leucopus,Primates,Callitrichidae,Saguinus,leucopus,440,PHYLACINE,1,0,EltonTraits,40,0,60,0,PHYLACINE,EltonTraits,
84,Saguinus_tripartitus,Primates,Callitrichidae,Saguinus,tripartitus,393.5,PHYLACINE,1,0,EltonTraits,40,0,60,0,PHYLACINE,EltonTraits,
85,Saguinus_geoffroyi,Primates,Callitrichidae,Saguinus,geoffroyi,486.5,PHYLACINE,1,0,EltonTraits,40,0,60,0,PHYLACINE,EltonTraits,
86,Saguinus_oedipus,Primates,Callitrichidae,Saguinus,oedipus,430,PHYLACINE,1,0,EltonTraits,40,0,60,0,PHYLACINE,EltonTraits,
87,Saguinus_martinsi,Primates,Callitrichidae,Saguinus,martinsi,603.6,PHYLACINE,1,0,EltonTraits,10,20,50,20,PHYLACINE,EltonTraits,
88,Saguinus_labiatus,Primates,Callitrichidae,Saguinus,labiatus,575,PHYLACINE,1,0,EltonTraits,40,0,60,0,PHYLACINE,EltonTraits,
89,Saguinus_inustus,Primates,Callitrichidae,Saguinus,inustus,410.5,PHYLACINE,1,0,EltonTraits,40,0,60,0,PHYLACINE,EltonTraits,
90,Saguinus_imperator,Primates,Callitrichidae,Saguinus,imperator,400,PHYLACINE,1,0,EltonTraits,40,0,60,0,PHYLACINE,EltonTraits,
91,Saguinus_melanoleucus,Primates,Callitrichidae,Saguinus,melanoleucus,491,PHYLACINE,1,0,EltonTraits,29,14,57,0,PHYLACINE,EltonTraits,
92,Callimico_goeldii,Primates,Callitrichidae,Callimico,goeldii,480,PHYLACINE,1,0,EltonTraits,40,10,50,0,PHYLACINE,EltonTraits,
93,Callithrix_flaviceps,Primates,Callitrichidae,Callithrix,flaviceps,342,PHYLACINE,1,0,EltonTraits,20,10,70,0,PHYLACINE,EltonTraits,
94,Callithrix_kuhlii,Primates,Callitrichidae,Callithrix,kuhlii,342,PHYLACINE,1,0,EltonTraits,20,10,70,0,PHYLACINE,EltonTraits,
95,Callithrix_geoffroyi,Primates,Callitrichidae,Callithrix,geoffroyi,342,PHYLACINE,1,0,EltonTraits,20,10,70,0,PHYLACINE,EltonTraits,
96,Callithrix_aurita,Primates,Callitrichidae,Callithrix,aurita,342,PHYLACINE,1,0,EltonTraits,20,10,70,0,PHYLACINE,EltonTraits,
97,Callithrix_penicillata,Primates,Callitrichidae,Callithrix,penicillata,342,PHYLACINE,1,0,EltonTraits,20,10,70,0,PHYLACINE,EltonTraits,
98,Callithrix_jacchus,Primates,Callitrichidae,Callithrix,jacchus,292,PHYLACINE,1,0,EltonTraits,20,10,70,0,PHYLACINE,EltonTraits,
99,Mico_nigriceps,Primates,Callitrichidae,Mico,nigriceps,370,PHYLACINE,1,0,EltonTraits,20,0,80,0,PHYLACINE,EltonTraits,
100,Mico_intermedius,Primates,Callitrichidae,Mico,intermedius,425,PHYLACINE,1,0,EltonTraits,50,0,50,0,PHYLACINE,EltonTraits,
101,Mico_leucippe,Primates,Callitrichidae,Mico,leucippe,440,PHYLACINE,1,0,EltonTraits,20,0,80,0,PHYLACINE,EltonTraits,
102,Mico_marcai,Primates,Callitrichidae,Mico,marcai,295,PHYLACINE,1,0,EltonTraits,29,14,57,0,PHYLACINE,EltonTraits,
103,Mico_melanurus,Primates,Callitrichidae,Mico,melanurus,302.3,PHYLACINE,1,0,EltonTraits,20,0,60,20,PHYLACINE,EltonTraits,
104,Mico_humeralifer,Primates,Callitrichidae,Mico,humeralifer,350,PHYLACINE,1,0,EltonTraits,20,20,60,0,PHYLACINE,EltonTraits,
105,Mico_saterei,Primates,Callitrichidae,Mico,saterei,431.6,PHYLACINE,1,0,EltonTraits,29,14,57,0,PHYLACINE,EltonTraits,
106,Mico_mauesi,Primates,Callitrichidae,Mico,mauesi,360,PHYLACINE,1,0,EltonTraits,29,14,57,0,PHYLACINE,EltonTraits,
107,Mico_emiliae,Primates,Callitrichidae,Mico,emiliae,335,PHYLACINE,1,0,EltonTraits,29,14,57,0,PHYLACINE,EltonTraits,
108,Mico_chrysoleucos,Primates,Callitrichidae,Mico,chrysoleucos,539.3,PHYLACINE,1,0,EltonTraits,29,14,57,0,PHYLACINE,EltonTraits,
109,Mico_argentatus,Primates,Callitrichidae,Mico,argentatus,440,PHYLACINE,1,0,EltonTraits,20,20,60,0,PHYLACINE,EltonTraits,
110,Mico_acariensis,Primates,Callitrichidae,Mico,acariensis,472,PHYLACINE,1,0,EltonTraits,29,14,57,0,PHYLACINE,EltonTraits,
111,Cebuella_pygmaea,Primates,Callitrichidae,Cebuella,pygmaea,70,PHYLACINE,1,0,EltonTraits,20,20,60,0,PHYLACINE,EltonTraits,
112,Mico_humilis,Primates,Callitrichidae,Mico,humilis,167.5,PHYLACINE,1,0,EltonTraits,20,0,80,0,PHYLACINE,EltonTraits,
113,Leontopithecus_rosalia,Primates,Callitrichidae,Leontopithecus,rosalia,535.5,PHYLACINE,1,0,EltonTraits,50,0,50,0,PHYLACINE,EltonTraits,
114,Leontopithecus_chrysopygus,Primates,Callitrichidae,Leontopithecus,chrysopygus,700,PHYLACINE,1,0,EltonTraits,50,0,50,0,PHYLACINE,EltonTraits,
115,Leontopithecus_chrysomelas,Primates,Callitrichidae,Leontopithecus,chrysomelas,700,PHYLACINE,1,0,EltonTraits,50,0,50,0,PHYLACINE,EltonTraits,
116,Leontopithecus_caissara,Primates,Callitrichidae,Leontopithecus,caissara,572,PHYLACINE,1,0,EltonTraits,50,0,50,0,PHYLACINE,EltonTraits,
117,Sapajus_apella,Primates,Cebidae,Sapajus,apella,2500,PHYLACINE,1,0,EltonTraits,20,10,50,20,PHYLACINE,EltonTraits,
118,Cebus_kaapori,Primates,Cebidae,Cebus,kaapori,2600,PHYLACINE,1,0,EltonTraits,10,0,80,10,PHYLACINE,EltonTraits,
119,Sapajus_nigritus,Primates,Cebidae,Sapajus,nigritus,3200,PHYLACINE,1,0,EltonTraits,20,10,60,10,PHYLACINE,EltonTraits,
120,Sapajus_xanthosternos,Primates,Cebidae,Sapajus,xanthosternos,3200,PHYLACINE,1,0,EltonTraits,20,10,60,10,PHYLACINE,EltonTraits,
121,Cebus_albifrons,Primates,Cebidae,Cebus,albifrons,2629,PHYLACINE,1,0,EltonTraits,20,10,50,20,PHYLACINE,EltonTraits,
122,Sapajus_libidinosus,Primates,Cebidae,Sapajus,libidinosus,3200,PHYLACINE,1,0,EltonTraits,20,10,60,10,PHYLACINE,EltonTraits,
123,Saimiri_boliviensis,Primates,Cebidae,Saimiri,boliviensis,615,PHYLACINE,1,0,EltonTraits,20,20,40,20,PHYLACINE,EltonTraits,
124,Saimiri_oerstedii,Primates,Cebidae,Saimiri,oerstedii,278.5,PHYLACINE,1,0,EltonTraits,20,20,40,20,PHYLACINE,EltonTraits,
125,Saimiri_sciureus,Primates,Cebidae,Saimiri,sciureus,743.2,PHYLACINE,1,0,EltonTraits,20,20,40,20,PHYLACINE,EltonTraits,
126,Saimiri_ustus,Primates,Cebidae,Saimiri,ustus,1000,PHYLACINE,1,0,EltonTraits,20,20,40,20,PHYLACINE,EltonTraits,
127,Saimiri_vanzolinii,Primates,Cebidae,Saimiri,vanzolinii,769.6,PHYLACINE,1,0,EltonTraits,20,20,40,20,PHYLACINE,EltonTraits,
128,Ateles_paniscus,Primates,Atelidae,Ateles,paniscus,7900.1,PHYLACINE,1,0,EltonTraits,10,10,70,10,PHYLACINE,EltonTraits,
129,Ateles_geoffroyi,Primates,Atelidae,Ateles,geoffroyi,5284.9,PHYLACINE,1,0,EltonTraits,10,10,70,10,PHYLACINE,EltonTraits,
130,Ateles_hybridus,Primates,Atelidae,Ateles,hybridus,8675,PHYLACINE,1,0,EltonTraits,10,0,79,11,PHYLACINE,EltonTraits,
131,Ateles_fusciceps,Primates,Atelidae,Ateles,fusciceps,9100,PHYLACINE,1,0,EltonTraits,10,10,70,10,PHYLACINE,EltonTraits,
132,Ateles_marginatus,Primates,Atelidae,Ateles,marginatus,6000,PHYLACINE,1,0,EltonTraits,10,10,70,10,PHYLACINE,EltonTraits,
133,Ateles_chamek,Primates,Atelidae,Ateles,chamek,6000,PHYLACINE,1,0,EltonTraits,10,10,70,10,PHYLACINE,EltonTraits,
134,Ateles_belzebuth,Primates,Atelidae,Ateles,belzebuth,5000,PHYLACINE,1,0,EltonTraits,10,10,70,10,PHYLACINE,EltonTraits,
135,Brachyteles_hypoxanthus,Primates,Atelidae,Brachyteles,hypoxanthus,8865,PHYLACINE,1,0,EltonTraits,0,0,30,70,PHYLACINE,EltonTraits,
136,Brachyteles_arachnoides,Primates,Atelidae,Brachyteles,arachnoides,13499.9,HerbiTraits,1,0,HerbiTraits,0,0,50,50,PHYLACINE,EltonTraits,
137,Lagothrix_lagotricha,Primates,Atelidae,Lagothrix,lagotricha,6788.9,PHYLACINE,1,0,EltonTraits,10,0,80,10,PHYLACINE,EltonTraits,
138,Lagothrix_lugens,Primates,Atelidae,Lagothrix,lugens,6000,PHYLACINE,1,0,EltonTraits,0,0,80,20,PHYLACINE,EltonTraits,
139,Lagothrix_poeppigii,Primates,Atelidae,Lagothrix,poeppigii,4200,PHYLACINE,1,0,EltonTraits,20,0,64,16,PHYLACINE,EltonTraits,
140,Lagothrix_cana,Primates,Atelidae,Lagothrix,cana,6400,PHYLACINE,1,0,EltonTraits,0,0,80,20,PHYLACINE,EltonTraits,
141,Oreonax_flavicauda,Primates,Atelidae,Oreonax,flavicauda,6800,PHYLACINE,1,0,EltonTraits,10,0,72,18,PHYLACINE,EltonTraits,
142,Alouatta_guariba,Primates,Atelidae,Alouatta,guariba,5589.2,PHYLACINE,1,0,EltonTraits,0,0,40,60,PHYLACINE,EltonTraits,
143,Alouatta_belzebul,Primates,Atelidae,Alouatta,belzebul,6400,PHYLACINE,1,0,EltonTraits,0,0,40,60,PHYLACINE,EltonTraits,
144,Alouatta_caraya,Primates,Atelidae,Alouatta,caraya,5862.5,PHYLACINE,1,0,EltonTraits,0,0,40,60,PHYLACINE,EltonTraits,
145,Alouatta_macconnelli,Primates,Atelidae,Alouatta,macconnelli,7554.8,PHYLACINE,1,0,EltonTraits,0,0,40,60,PHYLACINE,EltonTraits,
146,Alouatta_nigerrima,Primates,Atelidae,Alouatta,nigerrima,7662,PHYLACINE,1,0,EltonTraits,0,0,40,60,PHYLACINE,EltonTraits,
147,Alouatta_palliata,Primates,Atelidae,Alouatta,palliata,7275,PHYLACINE,1,0,EltonTraits,0,0,40,60,PHYLACINE,EltonTraits,
148,Alouatta_sara,Primates,Atelidae,Alouatta,sara,6611,PHYLACINE,1,0,EltonTraits,0,0,40,60,PHYLACINE,EltonTraits,
149,Alouatta_pigra,Primates,Atelidae,Alouatta,pigra,7000,PHYLACINE,1,0,EltonTraits,0,0,40,60,PHYLACINE,EltonTraits,
150,Aotus_nigriceps,Primates,Aotidae,Aotus,nigriceps,1060,PHYLACINE,1,0,EltonTraits,20,10,50,20,PHYLACINE,EltonTraits,
151,Aotus_miconax,Primates,Aotidae,Aotus,miconax,800,PHYLACINE,1,0,EltonTraits,20,10,50,20,PHYLACINE,EltonTraits,
152,Aotus_azarae,Primates,Aotidae,Aotus,azarae,963,PHYLACINE,1,0,EltonTraits,20,10,50,20,PHYLACINE,EltonTraits,
153,Aotus_vociferans,Primates,Aotidae,Aotus,vociferans,873,PHYLACINE,1,0,EltonTraits,20,10,50,20,PHYLACINE,EltonTraits,
154,Aotus_lemurinus,Primates,Aotidae,Aotus,lemurinus,873,PHYLACINE,1,0,EltonTraits,20,10,50,20,PHYLACINE,EltonTraits,
155,Aotus_nancymaae,Primates,Aotidae,Aotus,nancymaae,788,PHYLACINE,1,0,EltonTraits,20,10,50,20,PHYLACINE,EltonTraits,
156,Aotus_trivirgatus,Primates,Aotidae,Aotus,trivirgatus,900,PHYLACINE,1,0,EltonTraits,20,10,50,20,PHYLACINE,EltonTraits,
157,Callicebus_ornatus,Primates,Pitheciidae,Callicebus,ornatus,832.6,PHYLACINE,1,0,EltonTraits,20,0,70,10,PHYLACINE,EltonTraits,
158,Callicebus_caligatus,Primates,Pitheciidae,Callicebus,caligatus,992.4,PHYLACINE,1,0,EltonTraits,20,0,50,30,PHYLACINE,EltonTraits,
159,Callicebus_baptista,Primates,Pitheciidae,Callicebus,baptista,956.5,PHYLACINE,1,0,EltonTraits,10,0,80,10,PHYLACINE,EltonTraits,
160,Callicebus_brunneus,Primates,Pitheciidae,Callicebus,brunneus,992.4,PHYLACINE,1,0,EltonTraits,20,0,50,30,PHYLACINE,EltonTraits,
161,Callicebus_bernhardi,Primates,Pitheciidae,Callicebus,bernhardi,950,PHYLACINE,1,0,EltonTraits,20,0,50,30,PHYLACINE,EltonTraits,
162,Callicebus_coimbrai,Primates,Pitheciidae,Callicebus,coimbrai,1181.7,PHYLACINE,1,0,EltonTraits,20,0,50,30,PHYLACINE,EltonTraits,
163,Callicebus_barbarabrownae,Primates,Pitheciidae,Callicebus,barbarabrownae,1228.7,PHYLACINE,1,0,EltonTraits,20,0,50,30,PHYLACINE,EltonTraits,
164,Callicebus_stephennashi,Primates,Pitheciidae,Callicebus,stephennashi,690,PHYLACINE,1,0,EltonTraits,20,0,50,30,PHYLACINE,EltonTraits,
165,Callicebus_cinerascens,Primates,Pitheciidae,Callicebus,cinerascens,992.4,PHYLACINE,1,0,EltonTraits,20,0,50,30,PHYLACINE,EltonTraits,
166,Callicebus_pallescens,Primates,Pitheciidae,Callicebus,pallescens,832.1,PHYLACINE,1,0,EltonTraits,20,0,50,30,PHYLACINE,EltonTraits,
167,Callicebus_olallae,Primates,Pitheciidae,Callicebus,olallae,992.4,PHYLACINE,1,0,EltonTraits,20,0,50,30,PHYLACINE,EltonTraits,
168,Callicebus_oenanthe,Primates,Pitheciidae,Callicebus,oenanthe,992.4,PHYLACINE,1,0,EltonTraits,20,0,50,30,PHYLACINE,EltonTraits,
169,Callicebus_nigrifrons,Primates,Pitheciidae,Callicebus,nigrifrons,1215.1,PHYLACINE,1,0,EltonTraits,20,0,50,30,PHYLACINE,EltonTraits,
170,Callicebus_dubius,Primates,Pitheciidae,Callicebus,dubius,992.4,PHYLACINE,1,0,EltonTraits,20,0,50,30,PHYLACINE,EltonTraits,
171,Callicebus_hoffmannsi,Primates,Pitheciidae,Callicebus,hoffmannsi,992.4,PHYLACINE,1,0,EltonTraits,20,0,50,30,PHYLACINE,EltonTraits,
172,Callicebus_personatus,Primates,Pitheciidae,Callicebus,personatus,1350,PHYLACINE,1,0,EltonTraits,20,0,50,30,PHYLACINE,EltonTraits,
173,Callicebus_donacophilus,Primates,Pitheciidae,Callicebus,donacophilus,795,PHYLACINE,1,0,EltonTraits,20,0,50,30,PHYLACINE,EltonTraits,
174,Callicebus_discolor,Primates,Pitheciidae,Callicebus,discolor,917.7,PHYLACINE,1,0,EltonTraits,20,0,50,30,PHYLACINE,EltonTraits,
175,Callicebus_melanochir,Primates,Pitheciidae,Callicebus,melanochir,1322.4,PHYLACINE,1,0,EltonTraits,20,0,50,30,PHYLACINE,EltonTraits,
176,Callicebus_modestus,Primates,Pitheciidae,Callicebus,modestus,992.4,PHYLACINE,1,0,EltonTraits,20,0,50,30,PHYLACINE,EltonTraits,
177,Callicebus_cupreus,Primates,Pitheciidae,Callicebus,cupreus,915,PHYLACINE,1,0,EltonTraits,20,0,50,30,PHYLACINE,EltonTraits,
178,Callicebus_moloch,Primates,Pitheciidae,Callicebus,moloch,854.7,PHYLACINE,1,0,EltonTraits,20,0,50,30,PHYLACINE,EltonTraits,
179,Callicebus_regulus,Primates,Pitheciidae,Callicebus,regulus,1273.6,PHYLACINE,1,0,EltonTraits,20,0,50,30,PHYLACINE,EltonTraits,
180,Callicebus_torquatus,Primates,Pitheciidae,Callicebus,torquatus,1050,PHYLACINE,1,0,EltonTraits,20,0,50,30,PHYLACINE,EltonTraits,
181,Callicebus_purinus,Primates,Pitheciidae,Callicebus,purinus,1333.5,PHYLACINE,1,0,EltonTraits,20,0,50,30,PHYLACINE,EltonTraits,
182,Callicebus_lugens,Primates,Pitheciidae,Callicebus,lugens,1203.6,PHYLACINE,1,0,EltonTraits,20,0,50,30,PHYLACINE,EltonTraits,
183,Callicebus_lucifer,Primates,Pitheciidae,Callicebus,lucifer,1329,PHYLACINE,1,0,EltonTraits,20,0,50,30,PHYLACINE,EltonTraits,
184,Callicebus_medemi,Primates,Pitheciidae,Callicebus,medemi,1299.6,PHYLACINE,1,0,EltonTraits,20,0,50,30,PHYLACINE,EltonTraits,
185,Cacajao_calvus,Primates,Pitheciidae,Cacajao,calvus,5796,PHYLACINE,1,0,EltonTraits,10,10,70,10,PHYLACINE,EltonTraits,
186,Cacajao_hosomi,Primates,Pitheciidae,Cacajao,hosomi,3100,PHYLACINE,1,0,EltonTraits,10,10,70,10,PHYLACINE,EltonTraits,
187,Chiropotes_chiropotes,Primates,Pitheciidae,Chiropotes,chiropotes,3174,PHYLACINE,1,0,EltonTraits,10,0,90,0,PHYLACINE,EltonTraits,
188,Chiropotes_albinasus,Primates,Pitheciidae,Chiropotes,albinasus,2900,PHYLACINE,1,0,EltonTraits,10,0,60,30,PHYLACINE,EltonTraits,
189,Chiropotes_utahickae,Primates,Pitheciidae,Chiropotes,utahickae,2784.7,PHYLACINE,1,0,EltonTraits,0,0,80,20,PHYLACINE,EltonTraits,
190,Chiropotes_satanas,Primates,Pitheciidae,Chiropotes,satanas,3000,PHYLACINE,1,0,EltonTraits,10,0,60,30,PHYLACINE,EltonTraits,
191,Pithecia_pithecia,Primates,Pitheciidae,Pithecia,pithecia,1375.5,PHYLACINE,1,0,EltonTraits,0,30,40,30,PHYLACINE,EltonTraits,
192,Pithecia_albicans,Primates,Pitheciidae,Pithecia,albicans,2800,PHYLACINE,1,0,EltonTraits,0,30,40,30,PHYLACINE,EltonTraits,
193,Pithecia_aequatorialis,Primates,Pitheciidae,Pithecia,aequatorialis,2250,PHYLACINE,1,0,EltonTraits,0,30,40,30,PHYLACINE,EltonTraits,
194,Allenopithecus_nigroviridis,Primates,Cercopithecidae,Allenopithecus,nigroviridis,4750,PHYLACINE,1,1,EltonTraits,50,0,50,0,PHYLACINE,EltonTraits,
195,Macaca_leonina,Primates,Cercopithecidae,Macaca,leonina,6500,PHYLACINE,1,1,EltonTraits,10,0,80,10,PHYLACINE,EltonTraits,
196,Macaca_mulatta,Primates,Cercopithecidae,Macaca,mulatta,3713,PHYLACINE,1,1,EltonTraits,10,0,50,40,PHYLACINE,EltonTraits,
197,Macaca_nemestrina,Primates,Cercopithecidae,Macaca,nemestrina,6296.5,PHYLACINE,1,1,EltonTraits,10,0,80,10,PHYLACINE,EltonTraits,
198,Macaca_ochreata,Primates,Cercopithecidae,Macaca,ochreata,2600,PHYLACINE,1,1,EltonTraits,10,0,50,40,PHYLACINE,EltonTraits,
199,Macaca_radiata,Primates,Cercopithecidae,Macaca,radiata,3690,PHYLACINE,1,1,EltonTraits,10,0,50,40,PHYLACINE,EltonTraits,
200,Macaca_arctoides,Primates,Cercopithecidae,Macaca,arctoides,5000,PHYLACINE,1,1,EltonTraits,10,0,50,40,PHYLACINE,EltonTraits,
201,Macaca_pagensis,Primates,Cercopithecidae,Macaca,pagensis,6280,PHYLACINE,1,1,EltonTraits,0,0,78,22,PHYLACINE,EltonTraits,
202,Macaca_fascicularis,Primates,Cercopithecidae,Macaca,fascicularis,3991.5,PHYLACINE,1,1,EltonTraits,50,0,40,10,PHYLACINE,EltonTraits,
203,Macaca_cyclopis,Primates,Cercopithecidae,Macaca,cyclopis,6000,PHYLACINE,1,1,EltonTraits,10,0,50,40,PHYLACINE,EltonTraits,
204,Macaca_assamensis,Primates,Cercopithecidae,Macaca,assamensis,12000,HerbiTraits,1,1,HerbiTraits,10,0,50,40,PHYLACINE,EltonTraits,
205,Macaca_silenus,Primates,Cercopithecidae,Macaca,silenus,4750,PHYLACINE,1,1,EltonTraits,10,0,50,40,PHYLACINE,EltonTraits,
206,Macaca_tonkeana,Primates,Cercopithecidae,Macaca,tonkeana,9000,PHYLACINE,1,1,EltonTraits,10,0,50,40,PHYLACINE,EltonTraits,
207,Macaca_thibetana,Primates,Cercopithecidae,Macaca,thibetana,12000,HerbiTraits,0,1,HerbiTraits,10,0,50,40,PHYLACINE,EltonTraits,
208,Macaca_sylvanus,Primates,Cercopithecidae,Macaca,sylvanus,12200,HerbiTraits,1,1,HerbiTraits,10,0,50,40,PHYLACINE,EltonTraits,
209,Macaca_sinica,Primates,Cercopithecidae,Macaca,sinica,3590,PHYLACINE,1,1,EltonTraits,10,0,50,40,PHYLACINE,EltonTraits,
210,Macaca_fuscata,Primates,Cercopithecidae,Macaca,fuscata,10400,HerbiTraits,1,1,HerbiTraits,10,0,50,40,PHYLACINE,EltonTraits,
211,Cercocebus_sanjei,Primates,Cercopithecidae,Cercocebus,sanjei,8023.4,PHYLACINE,1,0,EltonTraits,0,0,70,30,PHYLACINE,EltonTraits,
212,Cercocebus_atys,Primates,Cercopithecidae,Cercocebus,atys,7643.4,PHYLACINE,1,0,EltonTraits,10,0,90,0,PHYLACINE,EltonTraits,
213,Cercocebus_agilis,Primates,Cercopithecidae,Cercocebus,agilis,8023.4,PHYLACINE,1,0,EltonTraits,20,10,70,0,PHYLACINE,EltonTraits,
214,Cercocebus_chrysogaster,Primates,Cercopithecidae,Cercocebus,chrysogaster,9475.6,PHYLACINE,1,0,EltonTraits,0,0,100,0,PHYLACINE,EltonTraits,
215,Cercocebus_torquatus,Primates,Cercopithecidae,Cercocebus,torquatus,8135.4,PHYLACINE,1,0,EltonTraits,20,10,70,0,PHYLACINE,EltonTraits,
216,Cercopithecus_sclateri,Primates,Cercopithecidae,Cercopithecus,sclateri,3375,PHYLACINE,1,0,EltonTraits,20,10,60,10,PHYLACINE,EltonTraits,
217,Cercopithecus_mona,Primates,Cercopithecidae,Cercopithecus,mona,4208.3,PHYLACINE,1,0,EltonTraits,20,10,60,10,PHYLACINE,EltonTraits,
218,Cercopithecus_neglectus,Primates,Cercopithecidae,Cercopithecus,neglectus,5480,PHYLACINE,1,0,EltonTraits,20,10,60,10,PHYLACINE,EltonTraits,
219,Cercopithecus_nictitans,Primates,Cercopithecidae,Cercopithecus,nictitans,5803.3,PHYLACINE,1,0,EltonTraits,20,10,60,10,PHYLACINE,EltonTraits,
220,Cercopithecus_petaurista,Primates,Cercopithecidae,Cercopithecus,petaurista,2775,PHYLACINE,1,0,EltonTraits,20,0,50,30,PHYLACINE,EltonTraits,
221,Cercopithecus_roloway,Primates,Cercopithecidae,Cercopithecus,roloway,4550,PHYLACINE,1,0,EltonTraits,40,0,50,10,PHYLACINE,EltonTraits,
222,Allochrocebus_solatus,Primates,Cercopithecidae,Allochrocebus,solatus,6500,PHYLACINE,1,0,EltonTraits,0,10,80,10,PHYLACINE,EltonTraits,
223,Cercopithecus_mitis,Primates,Cercopithecidae,Cercopithecus,mitis,5000,PHYLACINE,1,0,EltonTraits,0,10,80,10,PHYLACINE,EltonTraits,
224,Allochrocebus_preussi,Primates,Cercopithecidae,Allochrocebus,preussi,5250,PHYLACINE,1,0,EltonTraits,0,10,80,10,PHYLACINE,EltonTraits,
225,Cercopithecus_ascanius,Primates,Cercopithecidae,Cercopithecus,ascanius,3550,PHYLACINE,1,0,EltonTraits,20,10,60,10,PHYLACINE,EltonTraits,
226,Cercopithecus_campbelli,Primates,Cercopithecidae,Cercopithecus,campbelli,4100,PHYLACINE,1,0,EltonTraits,20,10,60,10,PHYLACINE,EltonTraits,
227,Cercopithecus_cephus,Primates,Cercopithecidae,Cercopithecus,cephus,3485,PHYLACINE,1,0,EltonTraits,20,10,60,10,PHYLACINE,EltonTraits,
228,Cercopithecus_diana,Primates,Cercopithecidae,Cercopithecus,diana,4175,PHYLACINE,1,0,EltonTraits,30,10,50,10,PHYLACINE,EltonTraits,
229,Cercopithecus_dryas,Primates,Cercopithecidae,Cercopithecus,dryas,3075,PHYLACINE,1,0,EltonTraits,20,10,60,10,PHYLACINE,EltonTraits,
230,Cercopithecus_erythrogaster,Primates,Cercopithecidae,Cercopithecus,erythrogaster,2500,PHYLACINE,1,0,EltonTraits,20,10,60,10,PHYLACINE,EltonTraits,
231,Cercopithecus_erythrotis,Primates,Cercopithecidae,Cercopithecus,erythrotis,3918.3,PHYLACINE,1,0,EltonTraits,20,10,60,10,PHYLACINE,EltonTraits,
232,Cercopithecus_hamlyni,Primates,Cercopithecidae,Cercopithecus,hamlyni,6875,PHYLACINE,1,0,EltonTraits,20,10,60,10,PHYLACINE,EltonTraits,
233,Allochrocebus_lhoesti,Primates,Cercopithecidae,Allochrocebus,lhoesti,5375,PHYLACINE,1,0,EltonTraits,0,10,80,10,PHYLACINE,EltonTraits,
234,Cercopithecus_lowei,Primates,Cercopithecidae,Cercopithecus,lowei,3950,PHYLACINE,1,0,EltonTraits,20,10,60,10,PHYLACINE,EltonTraits,
235,Cercopithecus_denti,Primates,Cercopithecidae,Cercopithecus,denti,4050,PHYLACINE,1,0,EltonTraits,20,10,60,10,PHYLACINE,EltonTraits,
236,Chlorocebus_cynosuros,Primates,Cercopithecidae,Chlorocebus,cynosuros,3975,PHYLACINE,1,1,EltonTraits,10,20,50,20,PHYLACINE,EltonTraits,
237,Chlorocebus_sabaeus,Primates,Cercopithecidae,Chlorocebus,sabaeus,3975,PHYLACINE,1,1,EltonTraits,20,20,40,20,PHYLACINE,EltonTraits,
238,Chlorocebus_tantalus,Primates,Cercopithecidae,Chlorocebus,tantalus,4650,PHYLACINE,1,1,EltonTraits,20,0,50,30,PHYLACINE,EltonTraits,
239,Chlorocebus_djamdjamensis,Primates,Cercopithecidae,Chlorocebus,djamdjamensis,3975,PHYLACINE,1,1,EltonTraits,10,0,10,80,PHYLACINE,EltonTraits,
240,Chlorocebus_aethiops,Primates,Cercopithecidae,Chlorocebus,aethiops,3975,PHYLACINE,1,1,EltonTraits,20,20,40,20,PHYLACINE,EltonTraits,
241,Chlorocebus_pygerythrus,Primates,Cercopithecidae,Chlorocebus,pygerythrus,3975,PHYLACINE,1,1,EltonTraits,20,0,53,27,PHYLACINE,EltonTraits,
242,Erythrocebus_patas,Primates,Cercopithecidae,Erythrocebus,patas,8090,PHYLACINE,0,1,EltonTraits,0,0,60,40,PHYLACINE,EltonTraits,
243,Lophocebus_albigena,Primates,Cercopithecidae,Lophocebus,albigena,6984.8,PHYLACINE,1,0,EltonTraits,0,0,50,50,PHYLACINE,EltonTraits,
244,Lophocebus_aterrimus,Primates,Cercopithecidae,Lophocebus,aterrimus,6984.8,PHYLACINE,1,0,EltonTraits,0,0,100,0,PHYLACINE,EltonTraits,
245,Mandrillus_leucophaeus,Primates,Cercopithecidae,Mandrillus,leucophaeus,15000,HerbiTraits,1,1,HerbiTraits,10,10,70,10,PHYLACINE,EltonTraits,
246,Mandrillus_sphinx,Primates,Cercopithecidae,Mandrillus,sphinx,18249.9,HerbiTraits,0,1,HerbiTraits,10,10,70,10,PHYLACINE,EltonTraits,
247,Miopithecus_talapoin,Primates,Cercopithecidae,Miopithecus,talapoin,1499.2,PHYLACINE,1,0,EltonTraits,50,0,50,0,PHYLACINE,EltonTraits,
248,Miopithecus_ogouensis,Primates,Cercopithecidae,Miopithecus,ogouensis,1278.3,PHYLACINE,1,0,EltonTraits,10,0,90,0,PHYLACINE,EltonTraits,
249,Papio_cynocephalus,Primates,Cercopithecidae,Papio,cynocephalus,19484,HerbiTraits,1,1,HerbiTraits,10,10,20,60,PHYLACINE,EltonTraits,
250,Papio_ursinus,Primates,Cercopithecidae,Papio,ursinus,27939.1,HerbiTraits,0,1,HerbiTraits,20,10,60,10,PHYLACINE,EltonTraits,
251,Papio_hamadryas,Primates,Cercopithecidae,Papio,hamadryas,14972.2,HerbiTraits,0,1,HerbiTraits,10,10,0,80,PHYLACINE,EltonTraits,
252,Papio_anubis,Primates,Cercopithecidae,Papio,anubis,28329.2,HerbiTraits,0,1,HerbiTraits,10,40,20,30,PHYLACINE,EltonTraits,
253,Papio_papio,Primates,Cercopithecidae,Papio,papio,15500.2,HerbiTraits,0,1,HerbiTraits,10,20,30,40,PHYLACINE,EltonTraits,
254,Theropithecus_gelada,Primates,Cercopithecidae,Theropithecus,gelada,17049.8,HerbiTraits,0,1,HerbiTraits,0,0,0,100,PHYLACINE,EltonTraits,
255,Colobus_angolensis,Primates,Cercopithecidae,Colobus,angolensis,14462.2,HerbiTraits,1,0,HerbiTraits,0,0,30,70,PHYLACINE,EltonTraits,
256,Colobus_guereza,Primates,Cercopithecidae,Colobus,guereza,16498,HerbiTraits,1,0,HerbiTraits,0,0,30,70,PHYLACINE,EltonTraits,
257,Colobus_polykomos,Primates,Cercopithecidae,Colobus,polykomos,9089.6,PHYLACINE,1,0,EltonTraits,0,0,30,70,PHYLACINE,EltonTraits,
258,Colobus_satanas,Primates,Cercopithecidae,Colobus,satanas,11993.8,HerbiTraits,1,0,HerbiTraits,0,0,30,70,PHYLACINE,EltonTraits,
259,Colobus_vellerosus,Primates,Cercopithecidae,Colobus,vellerosus,11505.2,HerbiTraits,1,0,HerbiTraits,0,0,30,70,PHYLACINE,EltonTraits,
260,Nasalis_larvatus,Primates,Cercopithecidae,Nasalis,larvatus,9000,PHYLACINE,1,1,EltonTraits,0,0,20,80,PHYLACINE,EltonTraits,
261,Piliocolobus_preussi,Primates,Cercopithecidae,Piliocolobus,preussi,9750,PHYLACINE,1,0,EltonTraits,0,0,20,80,PHYLACINE,EltonTraits,
262,Piliocolobus_tholloni,Primates,Cercopithecidae,Piliocolobus,tholloni,8629.8,PHYLACINE,1,0,EltonTraits,0,0,20,80,PHYLACINE,EltonTraits,
263,Piliocolobus_kirkii,Primates,Cercopithecidae,Piliocolobus,kirkii,5630,PHYLACINE,1,0,EltonTraits,0,0,20,80,PHYLACINE,EltonTraits,
264,Piliocolobus_gordonorum,Primates,Cercopithecidae,Piliocolobus,gordonorum,8023.4,PHYLACINE,1,0,EltonTraits,0,0,20,80,PHYLACINE,EltonTraits,
265,Piliocolobus_oustaleti,Primates,Cercopithecidae,Piliocolobus,oustaleti,10350,HerbiTraits,1,0,HerbiTraits,0,0,20,80,PHYLACINE,EltonTraits,
266,Piliocolobus_tephrosceles,Primates,Cercopithecidae,Piliocolobus,tephrosceles,9700,PHYLACINE,1,0,EltonTraits,0,0,20,80,PHYLACINE,EltonTraits,
267,Piliocolobus_badius,Primates,Cercopithecidae,Piliocolobus,badius,7750.1,PHYLACINE,1,0,EltonTraits,0,0,20,80,PHYLACINE,EltonTraits,
268,Presbytis_frontata,Primates,Cercopithecidae,Presbytis,frontata,6050,PHYLACINE,1,0,EltonTraits,0,0,80,20,PHYLACINE,EltonTraits,
269,Presbytis_thomasi,Primates,Cercopithecidae,Presbytis,thomasi,6690,PHYLACINE,1,0,EltonTraits,0,0,80,20,PHYLACINE,EltonTraits,
270,Presbytis_siamensis,Primates,Cercopithecidae,Presbytis,siamensis,7000,PHYLACINE,1,0,EltonTraits,0,0,80,20,PHYLACINE,EltonTraits,
271,Presbytis_rubicunda,Primates,Cercopithecidae,Presbytis,rubicunda,6300,PHYLACINE,1,0,EltonTraits,0,0,80,20,PHYLACINE,EltonTraits,
272,Presbytis_potenziani,Primates,Cercopithecidae,Presbytis,potenziani,6450,PHYLACINE,1,0,EltonTraits,0,0,80,20,PHYLACINE,EltonTraits,
273,Presbytis_hosei,Primates,Cercopithecidae,Presbytis,hosei,6500,PHYLACINE,1,0,EltonTraits,0,0,80,20,PHYLACINE,EltonTraits,
274,Presbytis_femoralis,Primates,Cercopithecidae,Presbytis,femoralis,7000,PHYLACINE,1,0,EltonTraits,0,0,80,20,PHYLACINE,EltonTraits,
275,Presbytis_chrysomelas,Primates,Cercopithecidae,Presbytis,chrysomelas,7000,PHYLACINE,1,0,EltonTraits,0,0,80,20,PHYLACINE,EltonTraits,
276,Presbytis_comata,Primates,Cercopithecidae,Presbytis,comata,6250,PHYLACINE,1,0,EltonTraits,0,0,80,20,PHYLACINE,EltonTraits,
277,Presbytis_melalophos,Primates,Cercopithecidae,Presbytis,melalophos,6300,PHYLACINE,1,0,EltonTraits,0,0,80,20,PHYLACINE,EltonTraits,
278,Procolobus_verus,Primates,Cercopithecidae,Procolobus,verus,4000,PHYLACINE,1,0,EltonTraits,0,0,20,80,PHYLACINE,EltonTraits,
279,Pygathrix_nigripes,Primates,Cercopithecidae,Pygathrix,nigripes,8310,PHYLACINE,1,0,EltonTraits,0,0,30,70,PHYLACINE,EltonTraits,
280,Pygathrix_nemaeus,Primates,Cercopithecidae,Pygathrix,nemaeus,8310,PHYLACINE,1,0,EltonTraits,0,0,20,80,PHYLACINE,EltonTraits,
281,Pygathrix_cinerea,Primates,Cercopithecidae,Pygathrix,cinerea,8310,PHYLACINE,1,0,EltonTraits,0,0,30,70,PHYLACINE,EltonTraits,
282,Rhinopithecus_brelichi,Primates,Cercopithecidae,Rhinopithecus,brelichi,11500,HerbiTraits,1,1,HerbiTraits,0,0,30,70,PHYLACINE,EltonTraits,
283,Rhinopithecus_bieti,Primates,Cercopithecidae,Rhinopithecus,bieti,9960,PHYLACINE,1,0,EltonTraits,0,0,0,100,PHYLACINE,EltonTraits,
284,Rhinopithecus_avunculus,Primates,Cercopithecidae,Rhinopithecus,avunculus,8000,PHYLACINE,1,0,EltonTraits,0,0,30,70,PHYLACINE,EltonTraits,
285,Rhinopithecus_roxellana,Primates,Cercopithecidae,Rhinopithecus,roxellana,12125,HerbiTraits,1,1,HerbiTraits,0,0,20,80,PHYLACINE,EltonTraits,
286,Semnopithecus_priam,Primates,Cercopithecidae,Semnopithecus,priam,12450,HerbiTraits,0,1,HerbiTraits,0,0,40,60,PHYLACINE,EltonTraits,
287,Semnopithecus_ajax,Primates,Cercopithecidae,Semnopithecus,ajax,20150,HerbiTraits,0,1,HerbiTraits,0,0,30,70,PHYLACINE,EltonTraits,
288,Semnopithecus_hypoleucos,Primates,Cercopithecidae,Semnopithecus,hypoleucos,8950,PHYLACINE,1,1,EltonTraits,0,0,30,70,PHYLACINE,EltonTraits,
289,Semnopithecus_hector,Primates,Cercopithecidae,Semnopithecus,hector,17350,HerbiTraits,1,1,HerbiTraits,0,0,30,70,PHYLACINE,EltonTraits,
290,Semnopithecus_entellus,Primates,Cercopithecidae,Semnopithecus,entellus,14500,HerbiTraits,0,1,HerbiTraits,0,0,10,90,PHYLACINE,EltonTraits,
291,Semnopithecus_schistaceus,Primates,Cercopithecidae,Semnopithecus,schistaceus,17350,HerbiTraits,1,1,HerbiTraits,0,0,20,80,PHYLACINE,EltonTraits,
292,Semnopithecus_dussumieri,Primates,Cercopithecidae,Semnopithecus,dussumieri,13100,HerbiTraits,0,1,HerbiTraits,0,0,20,80,PHYLACINE,EltonTraits,
293,Simias_concolor,Primates,Cercopithecidae,Simias,concolor,7980,PHYLACINE,1,0,EltonTraits,0,0,20,80,PHYLACINE,EltonTraits,
294,Trachypithecus_geei,Primates,Cercopithecidae,Trachypithecus,geei,8350,PHYLACINE,1,0,EltonTraits,0,0,30,70,PHYLACINE,EltonTraits,
295,Trachypithecus_shortridgei,Primates,Cercopithecidae,Trachypithecus,shortridgei,28500,HerbiTraits,1,0,HerbiTraits,0,0,30,70,PHYLACINE,EltonTraits,
296,Trachypithecus_poliocephalus,Primates,Cercopithecidae,Trachypithecus,poliocephalus,7750,PHYLACINE,1,0,EltonTraits,0,0,30,70,PHYLACINE,EltonTraits,
297,Trachypithecus_pileatus,Primates,Cercopithecidae,Trachypithecus,pileatus,11450,HerbiTraits,1,0,HerbiTraits,0,0,30,70,PHYLACINE,EltonTraits,
298,Trachypithecus_phayrei,Primates,Cercopithecidae,Trachypithecus,phayrei,8400,PHYLACINE,1,0,EltonTraits,0,0,30,70,PHYLACINE,EltonTraits,
299,Trachypithecus_obscurus,Primates,Cercopithecidae,Trachypithecus,obscurus,7000,PHYLACINE,1,0,EltonTraits,0,0,30,70,PHYLACINE,EltonTraits,
300,Trachypithecus_laotum,Primates,Cercopithecidae,Trachypithecus,laotum,5848.6,PHYLACINE,1,0,EltonTraits,0,0,30,70,PHYLACINE,EltonTraits,
301,Trachypithecus_germaini,Primates,Cercopithecidae,Trachypithecus,germaini,7179,PHYLACINE,1,0,EltonTraits,0,0,30,70,PHYLACINE,EltonTraits,
302,Trachypithecus_francoisi,Primates,Cercopithecidae,Trachypithecus,francoisi,7325,PHYLACINE,1,0,EltonTraits,0,0,30,70,PHYLACINE,EltonTraits,
303,Trachypithecus_delacouri,Primates,Cercopithecidae,Trachypithecus,delacouri,8899.9,PHYLACINE,1,0,EltonTraits,0,0,30,70,PHYLACINE,EltonTraits,
304,Trachypithecus_cristatus,Primates,Cercopithecidae,Trachypithecus,cristatus,5250,PHYLACINE,1,0,EltonTraits,0,0,30,70,PHYLACINE,EltonTraits,
305,Trachypithecus_barbei,Primates,Cercopithecidae,Trachypithecus,barbei,7500,PHYLACINE,1,0,EltonTraits,0,0,30,70,PHYLACINE,EltonTraits,
306,Trachypithecus_auratus,Primates,Cercopithecidae,Trachypithecus,auratus,7100,PHYLACINE,1,0,EltonTraits,0,0,30,70,PHYLACINE,EltonTraits,
307,Trachypithecus_hatinhensis,Primates,Cercopithecidae,Trachypithecus,hatinhensis,6323.1,PHYLACINE,1,0,EltonTraits,0,0,30,70,PHYLACINE,EltonTraits,
308,Trachypithecus_vetulus,Primates,Cercopithecidae,Trachypithecus,vetulus,8830,PHYLACINE,1,0,EltonTraits,0,0,30,70,PHYLACINE,EltonTraits,
309,Trachypithecus_johnii,Primates,Cercopithecidae,Trachypithecus,johnii,11921,HerbiTraits,1,0,HerbiTraits,0,0,30,70,PHYLACINE,EltonTraits,
310,Hoolock_hoolock,Primates,Hylobatidae,Hoolock,hoolock,6500,PHYLACINE,1,0,EltonTraits,10,0,70,20,PHYLACINE,EltonTraits,
311,Hylobates_albibarbis,Primates,Hylobatidae,Hylobates,albibarbis,5650,PHYLACINE,1,0,EltonTraits,0,0,70,30,PHYLACINE,EltonTraits,
312,Hylobates_klossii,Primates,Hylobatidae,Hylobates,klossii,5800,PHYLACINE,1,0,EltonTraits,10,0,70,20,PHYLACINE,EltonTraits,
313,Hylobates_agilis,Primates,Hylobatidae,Hylobates,agilis,5650,PHYLACINE,1,0,EltonTraits,10,0,70,20,PHYLACINE,EltonTraits,
314,Hylobates_muelleri,Primates,Hylobatidae,Hylobates,muelleri,6000,PHYLACINE,1,0,EltonTraits,10,0,70,20,PHYLACINE,EltonTraits,
315,Hylobates_moloch,Primates,Hylobatidae,Hylobates,moloch,6500,PHYLACINE,1,0,EltonTraits,10,0,70,20,PHYLACINE,EltonTraits,
316,Hylobates_lar,Primates,Hylobatidae,Hylobates,lar,4892,PHYLACINE,1,0,EltonTraits,10,0,70,20,PHYLACINE,EltonTraits,
317,Hylobates_pileatus,Primates,Hylobatidae,Hylobates,pileatus,5440,PHYLACINE,1,0,EltonTraits,10,0,70,20,PHYLACINE,EltonTraits,
318,Nomascus_concolor,Primates,Hylobatidae,Nomascus,concolor,7500,PHYLACINE,1,0,EltonTraits,10,0,80,10,PHYLACINE,EltonTraits,
319,Nomascus_siki,Primates,Hylobatidae,Nomascus,siki,8000,PHYLACINE,1,0,EltonTraits,10,0,80,10,PHYLACINE,EltonTraits,
320,Nomascus_gabriellae,Primates,Hylobatidae,Nomascus,gabriellae,8000,PHYLACINE,1,0,EltonTraits,0,0,89,11,PHYLACINE,EltonTraits,
321,Nomascus_leucogenys,Primates,Hylobatidae,Nomascus,leucogenys,8000,PHYLACINE,1,0,EltonTraits,10,0,80,10,PHYLACINE,EltonTraits,
322,Symphalangus_syndactylus,Primates,Hylobatidae,Symphalangus,syndactylus,10000,HerbiTraits,1,0,HerbiTraits,10,0,80,10,PHYLACINE,EltonTraits,
323,Gorilla_gorilla,Primates,Hominidae,Gorilla,gorilla,120950,HerbiTraits,1,1,HerbiTraits,0,0,10,90,PHYLACINE,EltonTraits,
324,Gorilla_beringei,Primates,Hominidae,Gorilla,beringei,130000,HerbiTraits,1,1,HerbiTraits,0,0,10,90,PHYLACINE,EltonTraits,
325,Pan_paniscus,Primates,Hominidae,Pan,paniscus,34000.1,HerbiTraits,1,1,HerbiTraits,10,0,70,20,PHYLACINE,EltonTraits,
326,Pan_troglodytes,Primates,Hominidae,Pan,troglodytes,42500,HerbiTraits,1,1,HerbiTraits,10,0,60,30,PHYLACINE,EltonTraits,
327,Pongo_abelii,Primates,Hominidae,Pongo,abelii,56750,HerbiTraits,1,0,HerbiTraits,10,10,80,0,PHYLACINE,EltonTraits,
328,Pongo_pygmaeus,Primates,Hominidae,Pongo,pygmaeus,57150,HerbiTraits,1,0,HerbiTraits,10,10,80,0,PHYLACINE,EltonTraits,
329,Tarsius_pumilus,Primates,Tarsiidae,Tarsius,pumilus,27.5,PHYLACINE,1,0,EltonTraits,100,0,0,0,PHYLACINE,Non-Herbivore,
330,Tarsius_syrichta,Primates,Tarsiidae,Tarsius,syrichta,113.5,PHYLACINE,1,0,EltonTraits,100,0,0,0,PHYLACINE,Non-Herbivore,
331,Tarsius_bancanus,Primates,Tarsiidae,Tarsius,bancanus,94.3,PHYLACINE,1,0,EltonTraits,100,0,0,0,PHYLACINE,Non-Herbivore,
332,Tarsius_dentatus,Primates,Tarsiidae,Tarsius,dentatus,107,PHYLACINE,1,0,EltonTraits,100,0,0,0,PHYLACINE,Non-Herbivore,
333,Tarsius_tarsier,Primates,Tarsiidae,Tarsius,tarsier,200,PHYLACINE,1,0,EltonTraits,100,0,0,0,PHYLACINE,Non-Herbivore,
334,Alouatta_arctoidea,Primates,Atelidae,Alouatta,arctoidea,5390,PHYLACINE,1,0,Imputed from genus,0,0,40,60,PHYLACINE,Imputed from genus,
335,Alouatta_discolor,Primates,Atelidae,Alouatta,discolor,6262.8,PHYLACINE,1,0,Imputed from genus,0,0,40,60,PHYLACINE,Imputed from genus,
336,Alouatta_ululata,Primates,Atelidae,Alouatta,ululata,6682.1,PHYLACINE,1,0,Imputed from genus,0,0,40,60,PHYLACINE,Imputed from genus,
337,Antillothrix_bernensis,Primates,Pitheciidae,Antillothrix,bernensis,4570,PHYLACINE,1,0,Tallman & Cooke 2016 Journal of Human Evolution,7,3,56,34,PHYLACINE,Cooke 2011 The Anatomical Record,"Molar morphology indicates frugivory, falling within the range of molar morphology observed in Callicebus. Most Callicebus spp. have a Fruit to Leaf ratio of 62.5:37.5, so we apply this ratio here."
338,Aotus_brumbacki,Primates,Aotidae,Aotus,brumbacki,800,PHYLACINE,1,0,Imputed from genus,20,0,57,23,PHYLACINE,Imputed from genus,
339,Aotus_griseimembra,Primates,Aotidae,Aotus,griseimembra,966,PHYLACINE,1,0,Imputed from genus,20,0,57,23,PHYLACINE,Imputed from genus,
340,Aotus_jorgehernandezi,Primates,Aotidae,Aotus,jorgehernandezi,873,PHYLACINE,1,0,Imputed from genus,29,14,41,16,PHYLACINE,Imputed from genus,
341,Aotus_zonalis,Primates,Aotidae,Aotus,zonalis,902.5,PHYLACINE,1,0,Imputed from genus,20,0,57,23,PHYLACINE,Imputed from genus,
342,Archaeoindris_fontoynonti,Primates,Palaeopropithecidae,Archaeoindris,fontoynonti,160000,HerbiTraits,1,1,HerbiTraits,0,0,30,70,PHYLACINE,Godfrey et al. 2004 Journal of Human Evolution; Godfrey et al. 2012 American Journal of Physical Anthropology,"Molar use-wear and molar morphology indicate folivory with some seed predation. Dietary profile most similar to Colobus polykomos, Trachypithecus cristatus, Trachypithecus obscurus, and Propithecus diadema. All 4 species have a Fruit to Leaf ratio of 30:70, so we apply that ratio here."
343,Archaeolemur_edwardsi,Primates,Archaeolemuridae,Archaeolemur,edwardsi,26500,HerbiTraits,0,1,HerbiTraits,15,15,35,35,PHYLACINE,Godfrey et al. 2004 Journal of Human Evolution; Godfrey et al. 2012 American Journal of Physical Anthropology; Perry 2018 The Anatomical Record,"Molar use-wear indicates frugivory, but molar morphology indicates folivory, and osteological proxies of muscle dimensions indicate less hard-object feeding in A. edwardsi than in A. majori. We evenly divide the plant diet of this species between Fruit and Leaf."
344,Archaeolemur_majori,Primates,Archaeolemuridae,Archaeolemur,majori,18000,HerbiTraits,0,1,HerbiTraits,12,11,77,0,PHYLACINE,"Godfrey et al. 2004 Journal of Human Evolution; Godfrey et al. 2012 American Journal of Physical Anthropology; Vasey, Burney, & Godfrey 2013 Leaping Ahead","Molar use-wear and molar morphology indicate frugivory and specialized seed predation. Fecal pellets indicate omnivory, containing remnants from vertebrates, invertebrates, fruit exocarps, and seeds."
345,Avahi_betsileo,Primates,Indriidae,Avahi,betsileo,1050,PHYLACINE,1,0,Imputed from genus,0,0,7,93,PHYLACINE,Imputed from genus,
346,Avahi_cleesei,Primates,Indriidae,Avahi,cleesei,830,PHYLACINE,1,0,Imputed from genus,0,0,7,93,PHYLACINE,Imputed from genus,
347,Avahi_meridionalis,Primates,Indriidae,Avahi,meridionalis,1060,PHYLACINE,1,0,Imputed from genus,0,0,7,93,PHYLACINE,Imputed from genus,
348,Avahi_mooreorum,Primates,Indriidae,Avahi,mooreorum,920,PHYLACINE,1,0,Imputed from genus,0,0,7,93,PHYLACINE,Imputed from genus,
349,Avahi_peyrierasi,Primates,Indriidae,Avahi,peyrierasi,920,PHYLACINE,1,0,Imputed from genus,0,0,7,93,PHYLACINE,Imputed from genus,
350,Avahi_ramanantsoavanai,Primates,Indriidae,Avahi,ramanantsoavanai,980,PHYLACINE,1,0,Imputed from genus,0,0,7,93,PHYLACINE,Imputed from genus,
351,Babakotia_radofilai,Primates,Palaeopropithecidae,Babakotia,radofilai,21000,HerbiTraits,1,1,HerbiTraits,0,0,50,50,PHYLACINE,Godfrey et al. 2004 Journal of Human Evolution; Godfrey et al. 2012 American Journal of Physical Anthropology,"Molar use-wear and molar morphology indicate a mix of folivory and frugivory. Dietary profile similar to Pithecia monachus, Pithecia pithecia, Cacajao rubicunda, Pongo pygmaeus, and Gorilla gorilla. The Fruit to Leaf ratios of these four genera vary widely from strong folivory to strong frugivory, so for this species we split the diet evenly between Fruit and Leaf."
352,Caipora_bambuiorum,Primates,Atelidae,Caipora,bambuiorum,20500,HerbiTraits,1,0,HerbiTraits,7,7,75,11,PHYLACINE,Cooke 2011 The Anatomical Record,"Molar morphology indicates frugivory, and this species is noted to be strikingly similar to Ateles. All Ateles spp. have a Fruit to Leaf ratio of 87.5:12.5, so we apply this ratio here."
353,Callicebus_aureipalatii,Primates,Pitheciidae,Callicebus,aureipalatii,950,PHYLACINE,1,0,Imputed from genus,10,10,51,29,PHYLACINE,Imputed from genus,
354,Callicebus_caquetensis,Primates,Pitheciidae,Callicebus,caquetensis,915,PHYLACINE,1,0,Imputed from genus,19,1,51,29,PHYLACINE,Imputed from genus,
355,Cercocebus_lunulatus,Primates,Cercopithecidae,Cercocebus,lunulatus,7275,PHYLACINE,1,0,Imputed from genus,11,2,82,5,PHYLACINE,Imputed from genus,
356,Daubentonia_robustus,Primates,Daubentoniidae,Daubentonia,robustus,14000,HerbiTraits,1,0,HerbiTraits,20,0,80,0,PHYLACINE,Imputed from genus,
357,Eulemur_flavifrons,Primates,Lemuridae,Eulemur,flavifrons,1850,PHYLACINE,1,0,Imputed from genus,0,0,54,46,PHYLACINE,Imputed from genus,
358,Eulemur_rufifrons,Primates,Lemuridae,Eulemur,rufifrons,1820,PHYLACINE,1,0,Imputed from genus,0,0,54,46,PHYLACINE,Imputed from genus,
359,Galagoides_cocos,Primates,Galagidae,Galagoides,cocos,144,PHYLACINE,1,0,Imputed from genus,89,0,11,0,PHYLACINE,Imputed from genus,
360,Hadropithecus_stenognathus,Primates,Archaeolemuridae,Hadropithecus,stenognathus,35000,HerbiTraits,0,1,HerbiTraits,0,0,0,100,PHYLACINE,Godfrey et al. 2016 American Journal of Primatology,"Some researchers have suggested that Hadropithecus ate grass, while isotopic data suggests this species specialized on succulent leaves of CAM plants. Regardless, this species did not consume fruits to a notable degree."
361,Hapalemur_meridionalis,Primates,Lemuridae,Hapalemur,meridionalis,900,PHYLACINE,1,0,Imputed from genus,0,0,0,100,PHYLACINE,Imputed from genus,
362,Hoolock_leuconedys,Primates,Hylobatidae,Hoolock,leuconedys,7200,PHYLACINE,1,0,Imputed from genus,10,0,70,20,PHYLACINE,Imputed from genus,
363,Insulacebus_toussaintiana,Primates,Pitheciidae,Insulacebus,toussaintiana,4800,PHYLACINE,1,0,Tallman & Cooke 2016 Journal of Human Evolution,7,3,56,34,PHYLACINE,Cooke 2011 The Anatomical Record,"Molar morphology indicates frugivory, falling within the range of molar morphology observed in Callicebus. Most Callicebus spp. have a Fruit to Leaf ratio of 62.5:37.5, so we apply this ratio here."
364,Lepilemur_aeeclis,Primates,Lepilemuridae,Lepilemur,aeeclis,867.5,PHYLACINE,1,0,Imputed from genus,0,0,0,100,PHYLACINE,Imputed from genus,
365,Lepilemur_ahmansonorum,Primates,Lepilemuridae,Lepilemur,ahmansonorum,610,PHYLACINE,1,0,Imputed from genus,0,0,0,100,PHYLACINE,Imputed from genus,
366,Lepilemur_betsileo,Primates,Lepilemuridae,Lepilemur,betsileo,1150,PHYLACINE,1,0,Imputed from genus,0,0,0,100,PHYLACINE,Imputed from genus,
367,Lepilemur_fleuretae,Primates,Lepilemuridae,Lepilemur,fleuretae,980,PHYLACINE,1,0,Imputed from genus,0,0,0,100,PHYLACINE,Imputed from genus,
368,Lepilemur_grewcockorum,Primates,Lepilemuridae,Lepilemur,grewcockorum,780,PHYLACINE,1,0,Imputed from genus,0,0,0,100,PHYLACINE,Imputed from genus,
369,Lepilemur_hollandorum,Primates,Lepilemuridae,Lepilemur,hollandorum,1000,PHYLACINE,1,0,Imputed from genus,0,0,0,100,PHYLACINE,Imputed from genus,
370,Lepilemur_hubbardorum,Primates,Lepilemuridae,Lepilemur,hubbardorum,990,PHYLACINE,1,0,Imputed from genus,0,0,0,100,PHYLACINE,Imputed from genus,
371,Lepilemur_jamesorum,Primates,Lepilemuridae,Lepilemur,jamesorum,780,PHYLACINE,1,0,Imputed from genus,0,0,0,100,PHYLACINE,Imputed from genus,
372,Lepilemur_milanoii,Primates,Lepilemuridae,Lepilemur,milanoii,720,PHYLACINE,1,0,Imputed from genus,0,0,0,100,PHYLACINE,Imputed from genus,
373,Lepilemur_mittermeieri,Primates,Lepilemuridae,Lepilemur,mittermeieri,822.3,PHYLACINE,1,0,Imputed from genus,0,0,0,100,PHYLACINE,Imputed from genus,
374,Lepilemur_otto,Primates,Lepilemuridae,Lepilemur,otto,938,PHYLACINE,1,0,Imputed from genus,0,0,0,100,PHYLACINE,Imputed from genus,
375,Lepilemur_petteri,Primates,Lepilemuridae,Lepilemur,petteri,630,PHYLACINE,1,0,Imputed from genus,0,0,0,100,PHYLACINE,Imputed from genus,
376,Lepilemur_randrianasoloi,Primates,Lepilemuridae,Lepilemur,randrianasoloi,780,PHYLACINE,1,0,Imputed from genus,0,0,0,100,PHYLACINE,Imputed from genus,
377,Lepilemur_sahamalazensis,Primates,Lepilemuridae,Lepilemur,sahamalazensis,789.5,PHYLACINE,1,0,Imputed from genus,20,0,0,80,PHYLACINE,Imputed from genus,
378,Lepilemur_scottorum,Primates,Lepilemuridae,Lepilemur,scottorum,880,PHYLACINE,1,0,Imputed from genus,0,0,0,100,PHYLACINE,Imputed from genus,
379,Lepilemur_seali,Primates,Lepilemuridae,Lepilemur,seali,950,PHYLACINE,1,0,Imputed from genus,0,0,0,100,PHYLACINE,Imputed from genus,
380,Lepilemur_wrightae,Primates,Lepilemuridae,Lepilemur,wrightae,950,PHYLACINE,1,0,Imputed from genus,0,0,0,100,PHYLACINE,Imputed from genus,
381,Macaca_munzala,Primates,Cercopithecidae,Macaca,munzala,15000,HerbiTraits,1,1,HerbiTraits,0,0,63,37,PHYLACINE,Imputed from genus,
382,Megaladapis_edwardsi,Primates,Megaladapidae,Megaladapis,edwardsi,85000,HerbiTraits,1,0,HerbiTraits,0,0,0,100,PHYLACINE,Godfrey et al. 2004 Journal of Human Evolution; Godfrey et al. 2012 American Journal of Physical Anthropology,"Molar use-wear and molar morphology indicate folivory with no evidence of seed predation, similar to Lepilemur. Nearly all Lepilemur spp. have a Fruit to Leaf ratio of 0:100, so we apply this ratio here."
383,Megaladapis_grandidieri,Primates,Megaladapidae,Megaladapis,grandidieri,74000,HerbiTraits,1,0,HerbiTraits,0,0,0,100,PHYLACINE,Godfrey et al. 2004 Journal of Human Evolution; Godfrey et al. 2012 American Journal of Physical Anthropology,"Molar use-wear and molar morphology indicate folivory with no evidence of seed predation, similar to Lepilemur. Nearly all Lepilemur spp. have a Fruit to Leaf ratio of 0:100, so we apply this ratio here."
384,Megaladapis_madagascariensis,Primates,Megaladapidae,Megaladapis,madagascariensis,46500,HerbiTraits,1,0,HerbiTraits,0,0,0,100,PHYLACINE,Godfrey et al. 2004 Journal of Human Evolution; Godfrey et al. 2012 American Journal of Physical Anthropology,"Molar use-wear and molar morphology indicate folivory with no evidence of seed predation, similar to Lepilemur. Nearly all Lepilemur spp. have a Fruit to Leaf ratio of 0:100, so we apply this ratio here."
385,Mesopropithecus_globiceps,Primates,Palaeopropithecidae,Mesopropithecus,globiceps,11000,HerbiTraits,1,1,HerbiTraits,0,0,30,70,PHYLACINE,Godfrey et al. 2004 Journal of Human Evolution; Godfrey et al. 2012 American Journal of Physical Anthropology,"Molar use-wear indices mixed folivory and frugivory, while molar morphology indicates folivory. Dietary profile most similar to Indri indri, Propithecus verreauxi, and Macaca fascicularis. Excluding M. fascicularis, whose omnivory may affect dental wear, both species have a Fruit to Leaf ratio of 30:70, so we apply that ratio here. "
386,Mesopropithecus_pithecoides,Primates,Palaeopropithecidae,Mesopropithecus,pithecoides,14000,HerbiTraits,1,1,HerbiTraits,0,0,20,80,PHYLACINE,Godfrey et al. 2004 Journal of Human Evolution; Godfrey et al. 2012 American Journal of Physical Anthropology,"Molar use-wear and molar morphology indicate folivory. To reflect greater folivory compared to M. globiceps, we apply a Fruit to Leaf ratio of 20:80."
387,Mico_rondoni,Primates,Callitrichidae,Mico,rondoni,329.6,PHYLACINE,1,0,Imputed from genus,10,10,78,2,PHYLACINE,Imputed from genus,
388,Microcebus_bongolavensis,Primates,Cheirogaleidae,Microcebus,bongolavensis,54,PHYLACINE,1,0,Imputed from genus,33,22,30,15,PHYLACINE,Imputed from genus,
389,Microcebus_danfossi,Primates,Cheirogaleidae,Microcebus,danfossi,63,PHYLACINE,1,0,Imputed from genus,33,22,30,15,PHYLACINE,Imputed from genus,
390,Microcebus_gerpi,Primates,Cheirogaleidae,Microcebus,gerpi,68,PHYLACINE,1,0,Imputed from genus,29,17,36,18,PHYLACINE,Imputed from genus,
391,Microcebus_jollyae,Primates,Cheirogaleidae,Microcebus,jollyae,61,PHYLACINE,1,0,Imputed from genus,33,22,30,15,PHYLACINE,Imputed from genus,
392,Microcebus_lehilahytsara,Primates,Cheirogaleidae,Microcebus,lehilahytsara,46.5,PHYLACINE,1,0,Imputed from genus,20,0,53,27,PHYLACINE,Imputed from genus,
393,Microcebus_macarthurii,Primates,Cheirogaleidae,Microcebus,macarthurii,53,PHYLACINE,1,0,Imputed from genus,29,16,37,18,PHYLACINE,Imputed from genus,
394,Microcebus_margotmarshae,Primates,Cheirogaleidae,Microcebus,margotmarshae,49,PHYLACINE,1,0,Imputed from genus,32,21,31,16,PHYLACINE,Imputed from genus,
395,Microcebus_mittermeieri,Primates,Cheirogaleidae,Microcebus,mittermeieri,44,PHYLACINE,1,0,Imputed from genus,33,22,30,15,PHYLACINE,Imputed from genus,
396,Microcebus_simmonsi,Primates,Cheirogaleidae,Microcebus,simmonsi,65,PHYLACINE,1,0,Imputed from genus,33,22,30,15,PHYLACINE,Imputed from genus,
397,Mirza_zaza,Primates,Cheirogaleidae,Mirza,zaza,290,PHYLACINE,1,0,Imputed from genus,100,0,0,0,PHYLACINE,Non-Herbivore,
398,Nomascus_nasutus,Primates,Hylobatidae,Nomascus,nasutus,8000,PHYLACINE,1,0,Imputed from genus,0,0,89,11,PHYLACINE,Imputed from genus,
399,Nycticebus_javanicus,Primates,Lorisidae,Nycticebus,javanicus,803.5,PHYLACINE,1,0,Imputed from genus,20,0,80,0,PHYLACINE,Imputed from genus,
400,Nycticebus_menagensis,Primates,Lorisidae,Nycticebus,menagensis,803.5,PHYLACINE,1,0,Imputed from genus,0,0,100,0,PHYLACINE,Imputed from genus,
401,Pachylemur_insignis,Primates,Lemuridae,Pachylemur,insignis,11500,HerbiTraits,1,1,HerbiTraits,5,5,81,9,PHYLACINE,Godfrey et al. 2004 Journal of Human Evolution; Godfrey et al. 2012 American Journal of Physical Anthropology,"Molar use-wear indicates mixed fruit and foliage consumption, similar to Eulemur collaris, Lemur catta, Eulemur rubriventer, and Varecia variegata. Molar morphology indicates strong frugivory, similar to Varecia, and suggests that this species was likely more frugivorous than L. catta and E. rufus. We assign a Fruit to Leaf ratio of 90:10 to represent strong frugivory with some folivory."
402,Pachylemur_jullyi,Primates,Lemuridae,Pachylemur,jullyi,13000,HerbiTraits,1,1,HerbiTraits,5,5,81,9,PHYLACINE,Godfrey et al. 2004 Journal of Human Evolution; Godfrey et al. 2012 American Journal of Physical Anthropology,"Molar use-wear indicates mixed fruit and foliage consumption, similar to Eulemur collaris, Lemur catta, Eulemur rubriventer, and Varecia variegata. Molar morphology indicates strong frugivory, similar to Varecia, and suggests that this species was likely more frugivorous than L. catta and E. rufus. We apply a Fruit to Leaf ratio of 90:10 to represent strong frugivory with some folivory."
403,Palaeopropithecus_ingens,Primates,Palaeopropithecidae,Palaeopropithecus,ingens,42000,HerbiTraits,1,0,HerbiTraits,0,0,30,70,PHYLACINE,Godfrey et al. 2004 Journal of Human Evolution; Godfrey et al. 2012 American Journal of Physical Anthropology,"Molar use-wear and molar morphology indicate folivory mixed with fruit and seed consumption. Dietary profile most similar to Propithecus verreauxi, Indri indri, and Macaca fascicularis. Excluding M. fascicularis, whose omnivory may affect dental wear, both species have a Fruit to Leaf ratio of 30:70, so we apply that ratio here. "
404,Palaeopropithecus_maximus,Primates,Palaeopropithecidae,Palaeopropithecus,maximus,46000,HerbiTraits,1,0,HerbiTraits,0,0,30,70,PHYLACINE,Godfrey et al. 2004 Journal of Human Evolution; Godfrey et al. 2012 American Journal of Physical Anthropology,"Molar use-wear and molar morphology indicate folivory mixed with fruit and seed consumption. Dietary profile most similar to Semnopithecus entellus, Indri indri, Trachypithecus obscurus, Propithecus diadema, and Macaca fascicularis. Excluding M. fascicularis, whose omnivory may affect dental wear, three of the four species have a Fruit to Leaf ratio of 30:70, so we apply that ratio here. S. entellus had a Fruit to Leaf ratio of 10:90, which is inconsistent with the mixed diet indicated for this species."
405,Papio_kindae,Primates,Cercopithecidae,Papio,kindae,13000,HerbiTraits,0,1,HerbiTraits,11,13,29,47,PHYLACINE,Imputed from genus,
406,Perodicticus_ibeanus,Primates,Lorisidae,Perodicticus,ibeanus,1014,PHYLACINE,1,0,Imputed from genus,10,10,80,0,PHYLACINE,Imputed from genus,
407,Piliocolobus_bouvieri,Primates,Cercopithecidae,Piliocolobus,bouvieri,10334.8,HerbiTraits,1,0,HerbiTraits,0,0,20,80,PHYLACINE,Imputed from genus,
408,Piliocolobus_epieni,Primates,Cercopithecidae,Piliocolobus,epieni,10301.5,HerbiTraits,1,0,HerbiTraits,0,0,20,80,PHYLACINE,Imputed from genus,
409,Piliocolobus_temminckii,Primates,Cercopithecidae,Piliocolobus,temminckii,7348.5,PHYLACINE,1,0,Imputed from genus,0,0,20,80,PHYLACINE,Imputed from genus,
410,Piliocolobus_waldronae,Primates,Cercopithecidae,Piliocolobus,waldronae,5900,PHYLACINE,1,0,Imputed from genus,0,0,20,80,PHYLACINE,Imputed from genus,
411,Propithecus_candidus,Primates,Indriidae,Propithecus,candidus,5750,PHYLACINE,1,0,Imputed from genus,0,0,33,67,PHYLACINE,Imputed from genus,
412,Propithecus_coronatus,Primates,Indriidae,Propithecus,coronatus,3900,PHYLACINE,1,0,Imputed from genus,0,0,33,67,PHYLACINE,Imputed from genus,
413,Protopithecus_brasiliensis,Primates,Atelidae,Protopithecus,brasiliensis,24850,HerbiTraits,1,1,HerbiTraits,7,7,72,14,PHYLACINE,Halenar 2012 Dissertation,"Though most closely related to Alouatta, this species was largely frugivorous and not folivorous, similar to Ateles and Lagothrix. All Ateles species have a Fruit to Leaf ratio of 87.5:12.5, and most Lagothrix species have a ratio of 80:20. Averaging the ratios from these two genera, we apply a Fruit to Leaf ratio of 83.75:16.25."
414,Rhinopithecus_strykeri,Primates,Cercopithecidae,Rhinopithecus,strykeri,11250,HerbiTraits,1,1,HerbiTraits,0,0,20,80,PHYLACINE,Imputed from genus,
415,Rungwecebus_kipunji,Primates,Cercopithecidae,Rungwecebus,kipunji,13000,HerbiTraits,1,1,HerbiTraits,10,0,25,65,PHYLACINE,Kingdon 2015 The Kingdon Field Guide to African Mammals,"Omnivorous, appears to be more folivorous in dry season and more frugivorous in wet season. Diet comprised 27% fruits, 2% insects, 34% leaves, and 36% other plant parts. Therefore, we apply a Fruit to Leaf ratio of 27:70."
416,Sapajus_cay,Primates,Cebidae,Sapajus,cay,2725,PHYLACINE,1,0,Imputed from genus,0,0,82,18,PHYLACINE,Imputed from genus,
417,Sapajus_flavius,Primates,Cebidae,Sapajus,flavius,2550,PHYLACINE,1,0,Imputed from genus,29,14,47,10,PHYLACINE,Imputed from genus,
418,Sapajus_macrocephalus,Primates,Cebidae,Sapajus,macrocephalus,3200,PHYLACINE,1,0,Imputed from genus,33,22,37,8,PHYLACINE,Imputed from genus,
419,Sapajus_robustus,Primates,Cebidae,Sapajus,robustus,3200,PHYLACINE,1,0,Imputed from genus,33,22,37,8,PHYLACINE,Imputed from genus,
420,Tarsius_lariang,Primates,Tarsiidae,Tarsius,lariang,110,PHYLACINE,1,0,Imputed from genus,80,20,0,0,PHYLACINE,Non-Herbivore,
